Processing tasmota32s3-heltec-wmbus (board: esp32s3-qio_qspi; framework: arduino; platform: https://github.com/tasmota/platform-espressif32/releases/download/2026.05.50/platform-espressif32.zip)
--------------------------------------------------------------------------------
Verbose mode can be enabled via `-v, --verbose` option
-DCONFIG_TASMOTA_FLASHMODE_QIO
*** use provided user_config_override.h as planned ***
*** use provided platformio_override.ini as planned ***
*** use provided platformio_tasmota_cenv.ini as planned ***
CONFIGURATION: https://docs.platformio.org/page/boards/espressif32/esp32s3-qio_qspi.html
PLATFORM: Espressif 32 (2026.5.50) > Espressif Generic ESP32-S3 >= 4M Flash QSPI PSRAM, Tasmota 2880k Code/OTA, 320k FS
HARDWARE: ESP32S3 240MHz, 320KB RAM, 4MB Flash
DEBUG: Current (cmsis-dap) External (cmsis-dap, esp-bridge, esp-builtin, esp-prog, esp-prog-2, iot-bus-jtag, jlink, minimodule, olimex-arm-usb-ocd, olimex-arm-usb-ocd-h, olimex-arm-usb-tiny-h, olimex-jtag-tiny, tumpa)
PACKAGES: 
 - contrib-piohome @ 3.4.4 
 - framework-arduinoespressif32 @ 3.3.8+sha.f2a3fa2b 
 - tool-esptoolpy @ 5.2.0 
 - tool-xtensa-esp-elf-gdb @ 16.3.0+20250913 
 - toolchain-xtensa-esp-elf @ 15.2.0+20251204
Converting tasmota.ino
*** WARNING: Windows Long Path Support is disabled ***
*** Enable it for better performance: ***
*** 1. Run as Administrator: gpedit.msc ***
*** 2. Navigate to: Computer Configuration > Administrative Templates > System > Filesystem ***
*** 3. Enable 'Enable Win32 long paths' ***
*** OR run PowerShell as Admin: ***
*** New-ItemProperty -Path 'HKLM:\SYSTEM\CurrentControlSet\Control\FileSystem' -Name 'LongPathsEnabled' -Value 1 -PropertyType DWORD -Force ***
*** Restart required after enabling ***
LDF: Library Dependency Finder -> https://bit.ly/configure-pio-ldf
LDF Modes: Finder ~ chain, Compatibility ~ strict
Found 136 compatible libraries
Scanning dependencies...
Dependency Graph
|-- Adafruit CCS811 Library @ 1.1.3
|-- Adafruit MAX31865 library @ 1.0.1
|-- Adafruit MCP9808 Library @ 1.1.2
|-- Adafruit PM25 AQI Sensor @ 1.0.6
|-- Adafruit seesaw Library @ 1.7.9
|-- Adafruit SGP30 Sensor @ 2.0.3
|-- Adafruit SGP40 Sensor @ 1.1.4
|-- Adafruit VEML7700 Library @ 1.0.0
|-- AGS02MA @ 0.4.3
|-- Async HttpClient Light @ 1.0
|-- ESP8266Audio @ 1.9.5
|-- Berry @ 7.0
|-- Berry Animation Framework @ 1.0.0
|-- Berry custom template @ 0.1
|-- Berry Matter protocol implementation @ 0.1
|-- Berry Tasmota mapping @ 1.0
|-- Berry int64 implementation for 32 bits architecture @ 1.1
|-- HASPmota @ 1.0
|-- Berry mapping to C @ 1.0
|-- BME8563
|-- headers
|-- ccronexpr
|-- lvgl @ 9.5.0
|-- esp_wireguard_tasmota @ 0.4.2
|-- WebServer @ 3.3.8
|-- EEPROM 24C128_256_521
|-- ESP32-to-ESP8266-compat @ 0.0.2
|-- FastCRC @ 1.44
|-- FFat @ 3.3.8
|-- FS @ 3.3.8
|-- ams @ 1.0
|-- HttpClient light @ 1.0
|-- I2Cdevlib-Core
|-- IniFile @ 1.3.0+tasmota
|-- JPEGDEC @ 1.8.4
|-- LibTeleinfo @ 1.1.7
|-- TasmotaLList @ 1.0
|-- Berry mapping to LVGL @ 1.0
|-- arduino-mcp2515-1.0.1
|-- MPU6050 I2C
|-- Mutichannel_Gas_Sensor @ 0.0.1
|-- esp-nimble-cpp @ 2.3.3
|-- NTP Library
|-- OpenTherm Library @ 1.1.5
|-- Process_control @ 1.0.0
|-- wmbus @ 0.1.0
|-- re1.5 @ 0.9
|-- ScioSense ENS16x @ 8.0.0
|-- ScioSense ENS210 @ 3.0.0
|-- Sensirion I2C SGP41 @ 0.1.0
|-- SevenSegmentTM1637 @ 1.1.0
|-- SPL06-007 @ 0.1.0
|-- ESP Mail Client @ 3.4.9
|-- TasmotaLED @ 0.1
|-- TasmotaWebServer @ 1.0.0
|-- LVGL_assets @ 7.0
|-- UdpListener @ 1.0
|-- Unishox (De)Compressor @ 1.0
|-- vid6608 @ 1.0.3
|-- VL53L0X @ 1.0.2
|-- VL53L1X @ 1.0.1
|-- TLS mini client derived from Arduino @ 1.0
|-- wmbus_oled @ 0.1.0
|-- Zip-readonly-FS @ 1.0
|-- A4988_Stepper @ 0.0.1
|-- Adafruit Fingerprint Sensor Library @ 2.1.0
|-- Adafruit GFX Library @ 1.5.6
|-- Adafruit LED Backpack Library @ 1.1.6
|-- Adafruit TSL2591
|-- base64 @ 1.1.1
|-- BME68x
|-- DHT sensor library @ 1.4.3
|-- DNSServer @ 3.3.8
|-- DS2480 Library @ 0.1.0
|-- Display renderer @ 1.0
|-- ESP KNX IP Library @ 0.5.2
|-- ESP8266SAM @ 1.0.1
|-- ESPFtpServer @ 0.1.0
|-- ESPmDNS @ 3.3.8
|-- Ethernet @ 3.3.8
|-- Ext-printf @ 1.0
|-- FrogmoreScd30
|-- FrogmoreScd40
|-- HPMA115S0 Arduino Library @ 1.0.0
|-- IRremoteESP8266 @ 2.8.6
|-- JSMN JSON parser customized and optimized for ESP8266 and Tasmota @ 1.0
|-- KeeloqLib @ 1.1
|-- mp3_shine_esp32 @ 1.0.0
|-- LedControl @ 1.0.6
|-- LinkedList
|-- LiquidCrystal_I2C
|-- LittleFS @ 3.3.8
|-- LOLIN_HP303B @ 1.0.0
|-- LoRa @ 0.8.0
|-- MFRC522 @ 1.4.7
|-- MLX90640
|-- MPU_accel
|-- BlueRobotics_MS5837
|-- NewPing @ 1.9.1
|-- OneWire @ 2.3.2
|-- PubSubClient @ 2.8
|-- QuickEspNow @ 0.8.1
|-- RadioLib @ 6.4.2
|-- rc-switch @ 1.0.0
|-- RF24 @ 1.3.3
|-- SD @ 3.3.8
|-- SD_MMC @ 3.3.8
|-- Sensirion I2C SEN5X @ 0.2.0
|-- Sensirion I2C SEN6X based on SEN66 @ 1.2.0
|-- Sensirion I2C STCC4 @ 1.0.0
|-- SPI @ 3.3.8
|-- TasmotaDali @ 1.0.0
|-- TasmotaModbus @ 3.6.0
|-- TasmotaSerial @ 3.7.0
|-- Ticker @ 3.3.8
|-- TM1638plus @ 1.7.0
|-- Joba_Tsl2561 @ 2.0.10
|-- BearSSL @ 0.6
|-- universal display Library @ 0.9.0
|-- WiFi @ 3.3.8
|-- WiFiHelper @ 1.0.0
|-- Wire @ 3.3.8
Building in release mode
Berry dumping defines: tasmota\tasmota_defines_for_berry.h
Berry converting defines: tasmota\tasmota_defines_for_berry.be (2610 defines, 458 ignored)
Berry solidification: lib\libesp32\berry_tasmota\solidify_all_python.be (cached, skipped)
Berry solidification: lib\libesp32\berry_matter\solidify_all_python.be (cached, skipped)
Berry solidification: lib\libesp32\berry_animation\solidify_all_python.be (cached, skipped)
Berry solidification: lib\libesp32\berry_custom\solidify_all_python.be
Berry solidification: lib\libesp32_lvgl\lv_binding_berry\solidify_all_python.be (cached, skipped)
Berry solidification: lib\libesp32_lvgl\lv_haspmota\solidify_all_python.be (cached, skipped)
Berry coc compiler
Compiling .pio\build\tasmota32s3-heltec-wmbus\src\tasmota.ino.cpp.o
In file included from D:/smarthome/MultiCal21_Tasmota_fork/tasmota/tasmota.ino:27:
tasmota/my_user_config.h:585:9: warning: 'USE_MULTICAL21' redefined
  585 | #define USE_MULTICAL21                           // Add support for Kamstrup Multical21 / FlowIQ wM-Bus (C1) water meter via CC1101 on hardware SPI (+5k code)
      |         ^~~~~~~~~~~~~~
<command-line>: note: this is the location of the previous definition
Archiving .pio\build\tasmota32s3-heltec-wmbus\lib8a3\libAsyncHttpClientLight.a
Compiling .pio\build\tasmota32s3-heltec-wmbus\libd03\SD\sd_diskio_crc.c.o
Compiling .pio\build\tasmota32s3-heltec-wmbus\lib89c\ESP8266Audio\AudioFileSourceBuffer.cpp.o
Compiling .pio\build\tasmota32s3-heltec-wmbus\lib89c\ESP8266Audio\AudioFileSourceFS.cpp.o
Compiling .pio\build\tasmota32s3-heltec-wmbus\lib89c\ESP8266Audio\AudioFileSourceFunction.cpp.o
Compiling .pio\build\tasmota32s3-heltec-wmbus\lib89c\ESP8266Audio\AudioFileSourceHTTPStream.cpp.o
Compiling .pio\build\tasmota32s3-heltec-wmbus\lib89c\ESP8266Audio\AudioFileSourceICYStream.cpp.o
Compiling .pio\build\tasmota32s3-heltec-wmbus\lib89c\ESP8266Audio\AudioFileSourceID3.cpp.o
Compiling .pio\build\tasmota32s3-heltec-wmbus\lib89c\ESP8266Audio\AudioFileSourcePROGMEM.cpp.o
Compiling .pio\build\tasmota32s3-heltec-wmbus\lib89c\ESP8266Audio\AudioFileSourceSD.cpp.o
Compiling .pio\build\tasmota32s3-heltec-wmbus\lib89c\ESP8266Audio\AudioFileSourceSPIRAMBuffer.cpp.o
Compiling .pio\build\tasmota32s3-heltec-wmbus\lib89c\ESP8266Audio\AudioFileSourceSTDIO.cpp.o
Compiling .pio\build\tasmota32s3-heltec-wmbus\lib89c\ESP8266Audio\AudioFileStream.cpp.o
Compiling .pio\build\tasmota32s3-heltec-wmbus\lib89c\ESP8266Audio\AudioGeneratorAAC.cpp.o
Compiling .pio\build\tasmota32s3-heltec-wmbus\lib89c\ESP8266Audio\AudioGeneratorFLAC.cpp.o
Archiving .pio\build\tasmota32s3-heltec-wmbus\libd03\libSD.a
Compiling .pio\build\tasmota32s3-heltec-wmbus\lib89c\ESP8266Audio\AudioGeneratorMIDI.cpp.o
Compiling .pio\build\tasmota32s3-heltec-wmbus\lib89c\ESP8266Audio\AudioGeneratorMOD.cpp.o
Compiling .pio\build\tasmota32s3-heltec-wmbus\lib89c\ESP8266Audio\AudioGeneratorMP3.cpp.o
Compiling .pio\build\tasmota32s3-heltec-wmbus\lib89c\ESP8266Audio\AudioGeneratorMP3a.cpp.o
Compiling .pio\build\tasmota32s3-heltec-wmbus\lib89c\ESP8266Audio\AudioGeneratorOpus.cpp.o
Compiling .pio\build\tasmota32s3-heltec-wmbus\lib89c\ESP8266Audio\AudioGeneratorRTTTL.cpp.o
Compiling .pio\build\tasmota32s3-heltec-wmbus\lib89c\ESP8266Audio\AudioGeneratorTalkie.cpp.o
Compiling .pio\build\tasmota32s3-heltec-wmbus\lib89c\ESP8266Audio\AudioGeneratorWAV.cpp.o
Compiling .pio\build\tasmota32s3-heltec-wmbus\lib89c\ESP8266Audio\AudioLogger.cpp.o
Compiling .pio\build\tasmota32s3-heltec-wmbus\lib89c\ESP8266Audio\AudioOutputBuffer.cpp.o
Compiling .pio\build\tasmota32s3-heltec-wmbus\lib89c\ESP8266Audio\AudioOutputFilterBiquad.cpp.o
Compiling .pio\build\tasmota32s3-heltec-wmbus\lib89c\ESP8266Audio\AudioOutputFilterDecimate.cpp.o
Compiling .pio\build\tasmota32s3-heltec-wmbus\lib89c\ESP8266Audio\AudioOutputI2S.cpp.o
Compiling .pio\build\tasmota32s3-heltec-wmbus\lib89c\ESP8266Audio\AudioOutputI2SNoDAC.cpp.o
Compiling .pio\build\tasmota32s3-heltec-wmbus\lib89c\ESP8266Audio\AudioOutputMixer.cpp.o
Compiling .pio\build\tasmota32s3-heltec-wmbus\lib89c\ESP8266Audio\AudioOutputSPDIF.cpp.o
Compiling .pio\build\tasmota32s3-heltec-wmbus\lib89c\ESP8266Audio\AudioOutputSTDIO.cpp.o
Compiling .pio\build\tasmota32s3-heltec-wmbus\lib89c\ESP8266Audio\AudioOutputSerialWAV.cpp.o
Compiling .pio\build\tasmota32s3-heltec-wmbus\lib89c\ESP8266Audio\AudioOutputULP.cpp.o
Compiling .pio\build\tasmota32s3-heltec-wmbus\lib89c\ESP8266Audio\driver\SinglePinI2SDriver.cpp.o
Compiling .pio\build\tasmota32s3-heltec-wmbus\lib89c\ESP8266Audio\libflac\bitmath.c.o
Compiling .pio\build\tasmota32s3-heltec-wmbus\lib89c\ESP8266Audio\libflac\bitreader.c.o
Compiling .pio\build\tasmota32s3-heltec-wmbus\lib89c\ESP8266Audio\libflac\cpu.c.o
Compiling .pio\build\tasmota32s3-heltec-wmbus\lib89c\ESP8266Audio\libflac\crc.c.o
Compiling .pio\build\tasmota32s3-heltec-wmbus\lib89c\ESP8266Audio\libflac\fixed.c.o
Compiling .pio\build\tasmota32s3-heltec-wmbus\lib89c\ESP8266Audio\libflac\float.c.o
Compiling .pio\build\tasmota32s3-heltec-wmbus\lib89c\ESP8266Audio\libflac\format.c.o
Compiling .pio\build\tasmota32s3-heltec-wmbus\lib89c\ESP8266Audio\libflac\lpc.c.o
Compiling .pio\build\tasmota32s3-heltec-wmbus\lib89c\ESP8266Audio\libflac\md5.c.o
Compiling .pio\build\tasmota32s3-heltec-wmbus\lib89c\ESP8266Audio\libflac\memory.c.o
Compiling .pio\build\tasmota32s3-heltec-wmbus\lib89c\ESP8266Audio\libflac\stream_decoder.c.o
Compiling .pio\build\tasmota32s3-heltec-wmbus\lib89c\ESP8266Audio\libflac\window.c.o
Compiling .pio\build\tasmota32s3-heltec-wmbus\lib89c\ESP8266Audio\libhelix-aac\aacdec.c.o
Compiling .pio\build\tasmota32s3-heltec-wmbus\lib89c\ESP8266Audio\libhelix-aac\aactabs.c.o
Compiling .pio\build\tasmota32s3-heltec-wmbus\lib89c\ESP8266Audio\libhelix-aac\bitstream.c.o
Compiling .pio\build\tasmota32s3-heltec-wmbus\lib89c\ESP8266Audio\libhelix-aac\buffers.c.o
Compiling .pio\build\tasmota32s3-heltec-wmbus\lib89c\ESP8266Audio\libhelix-aac\dct4.c.o
Compiling .pio\build\tasmota32s3-heltec-wmbus\lib89c\ESP8266Audio\libhelix-aac\decelmnt.c.o
Compiling .pio\build\tasmota32s3-heltec-wmbus\lib89c\ESP8266Audio\libhelix-aac\dequant.c.o
Compiling .pio\build\tasmota32s3-heltec-wmbus\lib89c\ESP8266Audio\libhelix-aac\fft.c.o
Compiling .pio\build\tasmota32s3-heltec-wmbus\lib89c\ESP8266Audio\libhelix-aac\filefmt.c.o
Compiling .pio\build\tasmota32s3-heltec-wmbus\lib89c\ESP8266Audio\libhelix-aac\huffman.c.o
Compiling .pio\build\tasmota32s3-heltec-wmbus\lib89c\ESP8266Audio\libhelix-aac\hufftabs.c.o
Compiling .pio\build\tasmota32s3-heltec-wmbus\lib89c\ESP8266Audio\libhelix-aac\imdct.c.o
Compiling .pio\build\tasmota32s3-heltec-wmbus\lib89c\ESP8266Audio\libhelix-aac\noiseless.c.o
Compiling .pio\build\tasmota32s3-heltec-wmbus\lib89c\ESP8266Audio\libhelix-aac\pns.c.o
Compiling .pio\build\tasmota32s3-heltec-wmbus\lib89c\ESP8266Audio\libhelix-aac\sbr.c.o
Compiling .pio\build\tasmota32s3-heltec-wmbus\lib89c\ESP8266Audio\libhelix-aac\sbrfft.c.o
Compiling .pio\build\tasmota32s3-heltec-wmbus\lib89c\ESP8266Audio\libhelix-aac\sbrfreq.c.o
Compiling .pio\build\tasmota32s3-heltec-wmbus\lib89c\ESP8266Audio\libhelix-aac\sbrhfadj.c.o
Compiling .pio\build\tasmota32s3-heltec-wmbus\lib89c\ESP8266Audio\libhelix-aac\sbrhfgen.c.o
Compiling .pio\build\tasmota32s3-heltec-wmbus\lib89c\ESP8266Audio\libhelix-aac\sbrhuff.c.o
Compiling .pio\build\tasmota32s3-heltec-wmbus\lib89c\ESP8266Audio\libhelix-aac\sbrimdct.c.o
Compiling .pio\build\tasmota32s3-heltec-wmbus\lib89c\ESP8266Audio\libhelix-aac\sbrmath.c.o
Compiling .pio\build\tasmota32s3-heltec-wmbus\lib89c\ESP8266Audio\libhelix-aac\sbrqmf.c.o
Compiling .pio\build\tasmota32s3-heltec-wmbus\lib89c\ESP8266Audio\libhelix-aac\sbrside.c.o
Compiling .pio\build\tasmota32s3-heltec-wmbus\lib89c\ESP8266Audio\libhelix-aac\sbrtabs.c.o
Compiling .pio\build\tasmota32s3-heltec-wmbus\lib89c\ESP8266Audio\libhelix-aac\stproc.c.o
Compiling .pio\build\tasmota32s3-heltec-wmbus\lib89c\ESP8266Audio\libhelix-aac\tns.c.o
Compiling .pio\build\tasmota32s3-heltec-wmbus\lib89c\ESP8266Audio\libhelix-aac\trigtabs.c.o
Compiling .pio\build\tasmota32s3-heltec-wmbus\lib89c\ESP8266Audio\libhelix-mp3\bitstream.c.o
Compiling .pio\build\tasmota32s3-heltec-wmbus\lib89c\ESP8266Audio\libhelix-mp3\buffers.c.o
Compiling .pio\build\tasmota32s3-heltec-wmbus\lib89c\ESP8266Audio\libhelix-mp3\dct32.c.o
Compiling .pio\build\tasmota32s3-heltec-wmbus\lib89c\ESP8266Audio\libhelix-mp3\dequant.c.o
Compiling .pio\build\tasmota32s3-heltec-wmbus\lib89c\ESP8266Audio\libhelix-mp3\dqchan.c.o
Compiling .pio\build\tasmota32s3-heltec-wmbus\lib89c\ESP8266Audio\libhelix-mp3\huffman.c.o
Compiling .pio\build\tasmota32s3-heltec-wmbus\lib89c\ESP8266Audio\libhelix-mp3\hufftabs.c.o
Compiling .pio\build\tasmota32s3-heltec-wmbus\lib89c\ESP8266Audio\libhelix-mp3\imdct.c.o
Compiling .pio\build\tasmota32s3-heltec-wmbus\lib89c\ESP8266Audio\libhelix-mp3\mp3dec.c.o
Compiling .pio\build\tasmota32s3-heltec-wmbus\lib89c\ESP8266Audio\libhelix-mp3\mp3tabs.c.o
Compiling .pio\build\tasmota32s3-heltec-wmbus\lib89c\ESP8266Audio\libhelix-mp3\polyphase.c.o
Compiling .pio\build\tasmota32s3-heltec-wmbus\lib89c\ESP8266Audio\libhelix-mp3\scalfact.c.o
Compiling .pio\build\tasmota32s3-heltec-wmbus\lib89c\ESP8266Audio\libhelix-mp3\stproc.c.o
Compiling .pio\build\tasmota32s3-heltec-wmbus\lib89c\ESP8266Audio\libhelix-mp3\subband.c.o
Compiling .pio\build\tasmota32s3-heltec-wmbus\lib89c\ESP8266Audio\libhelix-mp3\trigtabs.c.o
Compiling .pio\build\tasmota32s3-heltec-wmbus\lib89c\ESP8266Audio\libmad\bit.c.o
Compiling .pio\build\tasmota32s3-heltec-wmbus\lib89c\ESP8266Audio\libmad\decoder.c.o
Compiling .pio\build\tasmota32s3-heltec-wmbus\lib89c\ESP8266Audio\libmad\fixed.c.o
Compiling .pio\build\tasmota32s3-heltec-wmbus\lib89c\ESP8266Audio\libmad\frame.c.o
Compiling .pio\build\tasmota32s3-heltec-wmbus\lib89c\ESP8266Audio\libmad\huffman.c.o
Compiling .pio\build\tasmota32s3-heltec-wmbus\lib89c\ESP8266Audio\libmad\layer3.c.o
Compiling .pio\build\tasmota32s3-heltec-wmbus\lib89c\ESP8266Audio\libmad\stream.c.o
Compiling .pio\build\tasmota32s3-heltec-wmbus\lib89c\ESP8266Audio\libmad\synth.c.o
Compiling .pio\build\tasmota32s3-heltec-wmbus\lib89c\ESP8266Audio\libmad\timer.c.o
Compiling .pio\build\tasmota32s3-heltec-wmbus\lib89c\ESP8266Audio\libmad\version.c.o
Compiling .pio\build\tasmota32s3-heltec-wmbus\lib89c\ESP8266Audio\libogg\bitwise.c.o
Compiling .pio\build\tasmota32s3-heltec-wmbus\lib89c\ESP8266Audio\libogg\framing.c.o
Compiling .pio\build\tasmota32s3-heltec-wmbus\lib89c\ESP8266Audio\libopus\celt\bands.c.o
Compiling .pio\build\tasmota32s3-heltec-wmbus\lib89c\ESP8266Audio\libopus\celt\celt.c.o
Compiling .pio\build\tasmota32s3-heltec-wmbus\lib89c\ESP8266Audio\libopus\celt\celt_decoder.c.o
Compiling .pio\build\tasmota32s3-heltec-wmbus\lib89c\ESP8266Audio\libopus\celt\celt_encoder.c.o
Compiling .pio\build\tasmota32s3-heltec-wmbus\lib89c\ESP8266Audio\libopus\celt\celt_lpc.c.o
Compiling .pio\build\tasmota32s3-heltec-wmbus\lib89c\ESP8266Audio\libopus\celt\cwrs.c.o
Compiling .pio\build\tasmota32s3-heltec-wmbus\lib89c\ESP8266Audio\libopus\celt\entcode.c.o
Compiling .pio\build\tasmota32s3-heltec-wmbus\lib89c\ESP8266Audio\libopus\celt\entdec.c.o
Compiling .pio\build\tasmota32s3-heltec-wmbus\lib89c\ESP8266Audio\libopus\celt\entenc.c.o
Compiling .pio\build\tasmota32s3-heltec-wmbus\lib89c\ESP8266Audio\libopus\celt\kiss_fft.c.o
Compiling .pio\build\tasmota32s3-heltec-wmbus\lib89c\ESP8266Audio\libopus\celt\laplace.c.o
Compiling .pio\build\tasmota32s3-heltec-wmbus\lib89c\ESP8266Audio\libopus\celt\mathops.c.o
Compiling .pio\build\tasmota32s3-heltec-wmbus\lib89c\ESP8266Audio\libopus\celt\mdct.c.o
Compiling .pio\build\tasmota32s3-heltec-wmbus\lib89c\ESP8266Audio\libopus\celt\modes.c.o
Compiling .pio\build\tasmota32s3-heltec-wmbus\lib89c\ESP8266Audio\libopus\celt\pitch.c.o
Compiling .pio\build\tasmota32s3-heltec-wmbus\lib89c\ESP8266Audio\libopus\celt\quant_bands.c.o
Compiling .pio\build\tasmota32s3-heltec-wmbus\lib89c\ESP8266Audio\libopus\celt\rate.c.o
Compiling .pio\build\tasmota32s3-heltec-wmbus\lib89c\ESP8266Audio\libopus\celt\vq.c.o
Compiling .pio\build\tasmota32s3-heltec-wmbus\lib89c\ESP8266Audio\libopus\mapping_matrix.c.o
Compiling .pio\build\tasmota32s3-heltec-wmbus\lib89c\ESP8266Audio\libopus\opus.c.o
Compiling .pio\build\tasmota32s3-heltec-wmbus\lib89c\ESP8266Audio\libopus\opus_decoder.c.o
Compiling .pio\build\tasmota32s3-heltec-wmbus\lib89c\ESP8266Audio\libopus\opus_encoder.c.o
Compiling .pio\build\tasmota32s3-heltec-wmbus\lib89c\ESP8266Audio\libopus\opus_multistream.c.o
Compiling .pio\build\tasmota32s3-heltec-wmbus\lib89c\ESP8266Audio\libopus\opus_multistream_decoder.c.o
Compiling .pio\build\tasmota32s3-heltec-wmbus\lib89c\ESP8266Audio\libopus\opus_multistream_encoder.c.o
Compiling .pio\build\tasmota32s3-heltec-wmbus\lib89c\ESP8266Audio\libopus\opus_projection_decoder.c.o
Compiling .pio\build\tasmota32s3-heltec-wmbus\lib89c\ESP8266Audio\libopus\opus_projection_encoder.c.o
Compiling .pio\build\tasmota32s3-heltec-wmbus\lib89c\ESP8266Audio\libopus\repacketizer.c.o
Compiling .pio\build\tasmota32s3-heltec-wmbus\lib89c\ESP8266Audio\libopus\silk\A2NLSF.c.o
Compiling .pio\build\tasmota32s3-heltec-wmbus\lib89c\ESP8266Audio\libopus\silk\CNG.c.o
Compiling .pio\build\tasmota32s3-heltec-wmbus\lib89c\ESP8266Audio\libopus\silk\HP_variable_cutoff.c.o
Compiling .pio\build\tasmota32s3-heltec-wmbus\lib89c\ESP8266Audio\libopus\silk\LPC_analysis_filter.c.o
Compiling .pio\build\tasmota32s3-heltec-wmbus\lib89c\ESP8266Audio\libopus\silk\LPC_fit.c.o
Compiling .pio\build\tasmota32s3-heltec-wmbus\lib89c\ESP8266Audio\libopus\silk\LPC_inv_pred_gain.c.o
Compiling .pio\build\tasmota32s3-heltec-wmbus\lib89c\ESP8266Audio\libopus\silk\LP_variable_cutoff.c.o
Compiling .pio\build\tasmota32s3-heltec-wmbus\lib89c\ESP8266Audio\libopus\silk\NLSF2A.c.o
Compiling .pio\build\tasmota32s3-heltec-wmbus\lib89c\ESP8266Audio\libopus\silk\NLSF_VQ.c.o
Compiling .pio\build\tasmota32s3-heltec-wmbus\lib89c\ESP8266Audio\libopus\silk\NLSF_VQ_weights_laroia.c.o
Compiling .pio\build\tasmota32s3-heltec-wmbus\lib89c\ESP8266Audio\libopus\silk\NLSF_decode.c.o
Compiling .pio\build\tasmota32s3-heltec-wmbus\lib89c\ESP8266Audio\libopus\silk\NLSF_del_dec_quant.c.o
Compiling .pio\build\tasmota32s3-heltec-wmbus\lib89c\ESP8266Audio\libopus\silk\NLSF_encode.c.o
Compiling .pio\build\tasmota32s3-heltec-wmbus\lib89c\ESP8266Audio\libopus\silk\NLSF_stabilize.c.o
Compiling .pio\build\tasmota32s3-heltec-wmbus\lib89c\ESP8266Audio\libopus\silk\NLSF_unpack.c.o
Compiling .pio\build\tasmota32s3-heltec-wmbus\lib89c\ESP8266Audio\libopus\silk\NSQ.c.o
Compiling .pio\build\tasmota32s3-heltec-wmbus\lib89c\ESP8266Audio\libopus\silk\NSQ_del_dec.c.o
Compiling .pio\build\tasmota32s3-heltec-wmbus\lib89c\ESP8266Audio\libopus\silk\PLC.c.o
Compiling .pio\build\tasmota32s3-heltec-wmbus\lib89c\ESP8266Audio\libopus\silk\VAD.c.o
Compiling .pio\build\tasmota32s3-heltec-wmbus\lib89c\ESP8266Audio\libopus\silk\VQ_WMat_EC.c.o
Compiling .pio\build\tasmota32s3-heltec-wmbus\lib89c\ESP8266Audio\libopus\silk\ana_filt_bank_1.c.o
Compiling .pio\build\tasmota32s3-heltec-wmbus\lib89c\ESP8266Audio\libopus\silk\biquad_alt.c.o
Compiling .pio\build\tasmota32s3-heltec-wmbus\lib89c\ESP8266Audio\libopus\silk\bwexpander.c.o
Compiling .pio\build\tasmota32s3-heltec-wmbus\lib89c\ESP8266Audio\libopus\silk\bwexpander_32.c.o
Compiling .pio\build\tasmota32s3-heltec-wmbus\lib89c\ESP8266Audio\libopus\silk\check_control_input.c.o
Compiling .pio\build\tasmota32s3-heltec-wmbus\lib89c\ESP8266Audio\libopus\silk\code_signs.c.o
Compiling .pio\build\tasmota32s3-heltec-wmbus\lib89c\ESP8266Audio\libopus\silk\control_SNR.c.o
Compiling .pio\build\tasmota32s3-heltec-wmbus\lib89c\ESP8266Audio\libopus\silk\control_audio_bandwidth.c.o
Compiling .pio\build\tasmota32s3-heltec-wmbus\lib89c\ESP8266Audio\libopus\silk\control_codec.c.o
Compiling .pio\build\tasmota32s3-heltec-wmbus\lib89c\ESP8266Audio\libopus\silk\debug.c.o
Compiling .pio\build\tasmota32s3-heltec-wmbus\lib89c\ESP8266Audio\libopus\silk\dec_API.c.o
Compiling .pio\build\tasmota32s3-heltec-wmbus\lib89c\ESP8266Audio\libopus\silk\decode_core.c.o
Compiling .pio\build\tasmota32s3-heltec-wmbus\lib89c\ESP8266Audio\libopus\silk\decode_frame.c.o
Compiling .pio\build\tasmota32s3-heltec-wmbus\lib89c\ESP8266Audio\libopus\silk\decode_indices.c.o
Compiling .pio\build\tasmota32s3-heltec-wmbus\lib89c\ESP8266Audio\libopus\silk\decode_parameters.c.o
Compiling .pio\build\tasmota32s3-heltec-wmbus\lib89c\ESP8266Audio\libopus\silk\decode_pitch.c.o
Compiling .pio\build\tasmota32s3-heltec-wmbus\lib89c\ESP8266Audio\libopus\silk\decode_pulses.c.o
Compiling .pio\build\tasmota32s3-heltec-wmbus\lib89c\ESP8266Audio\libopus\silk\decoder_set_fs.c.o
Compiling .pio\build\tasmota32s3-heltec-wmbus\lib89c\ESP8266Audio\libopus\silk\enc_API.c.o
Compiling .pio\build\tasmota32s3-heltec-wmbus\lib89c\ESP8266Audio\libopus\silk\encode_indices.c.o
Compiling .pio\build\tasmota32s3-heltec-wmbus\lib89c\ESP8266Audio\libopus\silk\encode_pulses.c.o
Compiling .pio\build\tasmota32s3-heltec-wmbus\lib89c\ESP8266Audio\libopus\silk\fixed\LTP_analysis_filter_FIX.c.o
Compiling .pio\build\tasmota32s3-heltec-wmbus\lib89c\ESP8266Audio\libopus\silk\fixed\LTP_scale_ctrl_FIX.c.o
Compiling .pio\build\tasmota32s3-heltec-wmbus\lib89c\ESP8266Audio\libopus\silk\fixed\apply_sine_window_FIX.c.o
Compiling .pio\build\tasmota32s3-heltec-wmbus\lib89c\ESP8266Audio\libopus\silk\fixed\autocorr_FIX.c.o
Compiling .pio\build\tasmota32s3-heltec-wmbus\lib89c\ESP8266Audio\libopus\silk\fixed\burg_modified_FIX.c.o
Compiling .pio\build\tasmota32s3-heltec-wmbus\lib89c\ESP8266Audio\libopus\silk\fixed\corrMatrix_FIX.c.o
Compiling .pio\build\tasmota32s3-heltec-wmbus\lib89c\ESP8266Audio\libopus\silk\fixed\encode_frame_FIX.c.o
Compiling .pio\build\tasmota32s3-heltec-wmbus\lib89c\ESP8266Audio\libopus\silk\fixed\find_LPC_FIX.c.o
Compiling .pio\build\tasmota32s3-heltec-wmbus\lib89c\ESP8266Audio\libopus\silk\fixed\find_LTP_FIX.c.o
Compiling .pio\build\tasmota32s3-heltec-wmbus\lib89c\ESP8266Audio\libopus\silk\fixed\find_pitch_lags_FIX.c.o
Compiling .pio\build\tasmota32s3-heltec-wmbus\lib89c\ESP8266Audio\libopus\silk\fixed\find_pred_coefs_FIX.c.o
Compiling .pio\build\tasmota32s3-heltec-wmbus\lib89c\ESP8266Audio\libopus\silk\fixed\k2a_FIX.c.o
Compiling .pio\build\tasmota32s3-heltec-wmbus\lib89c\ESP8266Audio\libopus\silk\fixed\k2a_Q16_FIX.c.o
Compiling .pio\build\tasmota32s3-heltec-wmbus\lib89c\ESP8266Audio\libopus\silk\fixed\noise_shape_analysis_FIX.c.o
Compiling .pio\build\tasmota32s3-heltec-wmbus\lib89c\ESP8266Audio\libopus\silk\fixed\pitch_analysis_core_FIX.c.o
Compiling .pio\build\tasmota32s3-heltec-wmbus\lib89c\ESP8266Audio\libopus\silk\fixed\process_gains_FIX.c.o
Compiling .pio\build\tasmota32s3-heltec-wmbus\lib89c\ESP8266Audio\libopus\silk\fixed\regularize_correlations_FIX.c.o
Compiling .pio\build\tasmota32s3-heltec-wmbus\lib89c\ESP8266Audio\libopus\silk\fixed\residual_energy16_FIX.c.o
Compiling .pio\build\tasmota32s3-heltec-wmbus\lib89c\ESP8266Audio\libopus\silk\fixed\residual_energy_FIX.c.o
Compiling .pio\build\tasmota32s3-heltec-wmbus\lib89c\ESP8266Audio\libopus\silk\fixed\schur64_FIX.c.o
Compiling .pio\build\tasmota32s3-heltec-wmbus\lib89c\ESP8266Audio\libopus\silk\fixed\schur_FIX.c.o
Compiling .pio\build\tasmota32s3-heltec-wmbus\lib89c\ESP8266Audio\libopus\silk\fixed\vector_ops_FIX.c.o
Compiling .pio\build\tasmota32s3-heltec-wmbus\lib89c\ESP8266Audio\libopus\silk\fixed\warped_autocorrelation_FIX.c.o
Compiling .pio\build\tasmota32s3-heltec-wmbus\lib89c\ESP8266Audio\libopus\silk\gain_quant.c.o
Compiling .pio\build\tasmota32s3-heltec-wmbus\lib89c\ESP8266Audio\libopus\silk\init_decoder.c.o
Compiling .pio\build\tasmota32s3-heltec-wmbus\lib89c\ESP8266Audio\libopus\silk\init_encoder.c.o
Compiling .pio\build\tasmota32s3-heltec-wmbus\lib89c\ESP8266Audio\libopus\silk\inner_prod_aligned.c.o
Compiling .pio\build\tasmota32s3-heltec-wmbus\lib89c\ESP8266Audio\libopus\silk\interpolate.c.o
Compiling .pio\build\tasmota32s3-heltec-wmbus\lib89c\ESP8266Audio\libopus\silk\lin2log.c.o
Compiling .pio\build\tasmota32s3-heltec-wmbus\lib89c\ESP8266Audio\libopus\silk\log2lin.c.o
Compiling .pio\build\tasmota32s3-heltec-wmbus\lib89c\ESP8266Audio\libopus\silk\pitch_est_tables.c.o
Compiling .pio\build\tasmota32s3-heltec-wmbus\lib89c\ESP8266Audio\libopus\silk\process_NLSFs.c.o
Compiling .pio\build\tasmota32s3-heltec-wmbus\lib89c\ESP8266Audio\libopus\silk\quant_LTP_gains.c.o
Compiling .pio\build\tasmota32s3-heltec-wmbus\lib89c\ESP8266Audio\libopus\silk\resampler.c.o
Compiling .pio\build\tasmota32s3-heltec-wmbus\lib89c\ESP8266Audio\libopus\silk\resampler_down2.c.o
Compiling .pio\build\tasmota32s3-heltec-wmbus\lib89c\ESP8266Audio\libopus\silk\resampler_down2_3.c.o
Compiling .pio\build\tasmota32s3-heltec-wmbus\lib89c\ESP8266Audio\libopus\silk\resampler_private_AR2.c.o
Compiling .pio\build\tasmota32s3-heltec-wmbus\lib89c\ESP8266Audio\libopus\silk\resampler_private_IIR_FIR.c.o
Compiling .pio\build\tasmota32s3-heltec-wmbus\lib89c\ESP8266Audio\libopus\silk\resampler_private_down_FIR.c.o
Compiling .pio\build\tasmota32s3-heltec-wmbus\lib89c\ESP8266Audio\libopus\silk\resampler_private_up2_HQ.c.o
Compiling .pio\build\tasmota32s3-heltec-wmbus\lib89c\ESP8266Audio\libopus\silk\resampler_rom.c.o
Compiling .pio\build\tasmota32s3-heltec-wmbus\lib89c\ESP8266Audio\libopus\silk\shell_coder.c.o
Compiling .pio\build\tasmota32s3-heltec-wmbus\lib89c\ESP8266Audio\libopus\silk\sigm_Q15.c.o
Compiling .pio\build\tasmota32s3-heltec-wmbus\lib89c\ESP8266Audio\libopus\silk\sort.c.o
Compiling .pio\build\tasmota32s3-heltec-wmbus\lib89c\ESP8266Audio\libopus\silk\stereo_LR_to_MS.c.o
Compiling .pio\build\tasmota32s3-heltec-wmbus\lib89c\ESP8266Audio\libopus\silk\stereo_MS_to_LR.c.o
Compiling .pio\build\tasmota32s3-heltec-wmbus\lib89c\ESP8266Audio\libopus\silk\stereo_decode_pred.c.o
Compiling .pio\build\tasmota32s3-heltec-wmbus\lib89c\ESP8266Audio\libopus\silk\stereo_encode_pred.c.o
Compiling .pio\build\tasmota32s3-heltec-wmbus\lib89c\ESP8266Audio\libopus\silk\stereo_find_predictor.c.o
Compiling .pio\build\tasmota32s3-heltec-wmbus\lib89c\ESP8266Audio\libopus\silk\stereo_quant_pred.c.o
Compiling .pio\build\tasmota32s3-heltec-wmbus\lib89c\ESP8266Audio\libopus\silk\sum_sqr_shift.c.o
Compiling .pio\build\tasmota32s3-heltec-wmbus\lib89c\ESP8266Audio\libopus\silk\table_LSF_cos.c.o
Compiling .pio\build\tasmota32s3-heltec-wmbus\lib89c\ESP8266Audio\libopus\silk\tables_LTP.c.o
Compiling .pio\build\tasmota32s3-heltec-wmbus\lib89c\ESP8266Audio\libopus\silk\tables_NLSF_CB_NB_MB.c.o
Compiling .pio\build\tasmota32s3-heltec-wmbus\lib89c\ESP8266Audio\libopus\silk\tables_NLSF_CB_WB.c.o
Compiling .pio\build\tasmota32s3-heltec-wmbus\lib89c\ESP8266Audio\libopus\silk\tables_gain.c.o
Compiling .pio\build\tasmota32s3-heltec-wmbus\lib89c\ESP8266Audio\libopus\silk\tables_other.c.o
Compiling .pio\build\tasmota32s3-heltec-wmbus\lib89c\ESP8266Audio\libopus\silk\tables_pitch_lag.c.o
Compiling .pio\build\tasmota32s3-heltec-wmbus\lib89c\ESP8266Audio\libopus\silk\tables_pulses_per_block.c.o
Compiling .pio\build\tasmota32s3-heltec-wmbus\lib89c\ESP8266Audio\libwebm\mkvmuxer\mkvmuxer.cc.o
Compiling .pio\build\tasmota32s3-heltec-wmbus\lib89c\ESP8266Audio\libwebm\mkvmuxer\mkvmuxerutil.cc.o
Compiling .pio\build\tasmota32s3-heltec-wmbus\lib89c\ESP8266Audio\libwebm\mkvmuxer\mkvwriter.cc.o
Compiling .pio\build\tasmota32s3-heltec-wmbus\lib89c\ESP8266Audio\libwebm\mkvparser\mkvparser.cc.o
Compiling .pio\build\tasmota32s3-heltec-wmbus\lib89c\ESP8266Audio\opusfile\info.c.o
Compiling .pio\build\tasmota32s3-heltec-wmbus\lib89c\ESP8266Audio\opusfile\internal.c.o
Compiling .pio\build\tasmota32s3-heltec-wmbus\lib89c\ESP8266Audio\opusfile\opusfile.c.o
Compiling .pio\build\tasmota32s3-heltec-wmbus\lib89c\ESP8266Audio\opusfile\stream.c.o
Compiling .pio\build\tasmota32s3-heltec-wmbus\libf6b\Ext-printf\ext_printf.cpp.o
Compiling .pio\build\tasmota32s3-heltec-wmbus\lib5ba\berry_custom\be_custom_module.c.o
Compiling .pio\build\tasmota32s3-heltec-wmbus\lib879\re1.5\backtrack.c.o
Compiling .pio\build\tasmota32s3-heltec-wmbus\lib879\re1.5\charclass.c.o
Compiling .pio\build\tasmota32s3-heltec-wmbus\lib879\re1.5\cleanmarks.c.o
Compiling .pio\build\tasmota32s3-heltec-wmbus\lib879\re1.5\compile.c.o
Compiling .pio\build\tasmota32s3-heltec-wmbus\lib879\re1.5\compilecode.c.o
Compiling .pio\build\tasmota32s3-heltec-wmbus\lib879\re1.5\dumpcode.c.o
Compiling .pio\build\tasmota32s3-heltec-wmbus\lib879\re1.5\pike.c.o
Compiling .pio\build\tasmota32s3-heltec-wmbus\lib879\re1.5\recursive.c.o
Compiling .pio\build\tasmota32s3-heltec-wmbus\lib879\re1.5\recursiveloop.c.o
Compiling .pio\build\tasmota32s3-heltec-wmbus\lib879\re1.5\sub.c.o
Compiling .pio\build\tasmota32s3-heltec-wmbus\lib879\re1.5\thompson.c.o
Compiling .pio\build\tasmota32s3-heltec-wmbus\lib879\re1.5\util.c.o
In file included from include/tasmota_options.h:23,
                 from <command-line>:
include/../tasmota/my_user_config.h:585:9: warning: 'USE_MULTICAL21' redefined
  585 | #define USE_MULTICAL21                           // Add support for Kamstrup Multical21 / FlowIQ wM-Bus (C1) water meter via CC1101 on hardware SPI (+5k code)
      |         ^~~~~~~~~~~~~~
<command-line>: note: this is the location of the previous definition
Compiling .pio\build\tasmota32s3-heltec-wmbus\lib179\default\be_modtab.c.o
Compiling .pio\build\tasmota32s3-heltec-wmbus\lib179\default\be_port.c.o
Compiling .pio\build\tasmota32s3-heltec-wmbus\lib179\default\be_re_lib.c.o
Archiving .pio\build\tasmota32s3-heltec-wmbus\lib5ba\libberry_custom.a
Compiling .pio\build\tasmota32s3-heltec-wmbus\lib179\default\berry.c.o
Compiling .pio\build\tasmota32s3-heltec-wmbus\lib179\berry\be_api.c.o
Compiling .pio\build\tasmota32s3-heltec-wmbus\lib179\berry\be_baselib.c.o
Compiling .pio\build\tasmota32s3-heltec-wmbus\lib179\berry\be_bytecode.c.o
Compiling .pio\build\tasmota32s3-heltec-wmbus\lib179\berry\be_byteslib.c.o
Compiling .pio\build\tasmota32s3-heltec-wmbus\lib179\berry\be_class.c.o
Compiling .pio\build\tasmota32s3-heltec-wmbus\lib179\berry\be_code.c.o
Compiling .pio\build\tasmota32s3-heltec-wmbus\lib179\berry\be_debug.c.o
In file included from lib/libesp32/berry/src/../default/berry_conf.h:14,
                 from lib/libesp32/berry/src/berry_conf.h:1,
                 from lib/libesp32/berry/src/berry.h:15,
                 from lib/libesp32/berry/default/be_modtab.c:8:
tasmota/my_user_config.h:585:9: warning: 'USE_MULTICAL21' redefined
  585 | #define USE_MULTICAL21                           // Add support for Kamstrup Multical21 / FlowIQ wM-Bus (C1) water meter via CC1101 on hardware SPI (+5k code)
      |         ^~~~~~~~~~~~~~
<command-line>: note: this is the location of the previous definition
Compiling .pio\build\tasmota32s3-heltec-wmbus\lib179\berry\be_debuglib.c.o
Compiling .pio\build\tasmota32s3-heltec-wmbus\lib179\berry\be_exec.c.o
Compiling .pio\build\tasmota32s3-heltec-wmbus\lib179\berry\be_filelib.c.o
Compiling .pio\build\tasmota32s3-heltec-wmbus\lib179\berry\be_func.c.o
Compiling .pio\build\tasmota32s3-heltec-wmbus\lib179\berry\be_gc.c.o
Compiling .pio\build\tasmota32s3-heltec-wmbus\lib179\berry\be_gclib.c.o
Archiving .pio\build\tasmota32s3-heltec-wmbus\lib879\libre1.5.a
Compiling .pio\build\tasmota32s3-heltec-wmbus\lib179\berry\be_globallib.c.o
Compiling .pio\build\tasmota32s3-heltec-wmbus\lib179\berry\be_introspectlib.c.o
Compiling .pio\build\tasmota32s3-heltec-wmbus\lib179\berry\be_jsonlib.c.o
In file included from lib/libesp32/berry/src/../default/berry_conf.h:14,
                 from lib/libesp32/berry/src/berry_conf.h:1,
                 from lib/libesp32/berry/src/berry.h:15,
                 from lib/libesp32/berry/src/be_object.h:11,
                 from lib/libesp32/berry/src/be_constobj.h:15,
                 from lib/libesp32/berry/default/be_re_lib.c:8:
tasmota/my_user_config.h:585:9: warning: 'USE_MULTICAL21' redefined
  585 | #define USE_MULTICAL21                           // Add support for Kamstrup Multical21 / FlowIQ wM-Bus (C1) water meter via CC1101 on hardware SPI (+5k code)
      |         ^~~~~~~~~~~~~~
<command-line>: note: this is the location of the previous definition
In file included from lib/libesp32/berry/src/../default/berry_conf.h:14,
                 from lib/libesp32/berry/src/berry_conf.h:1,
                 from lib/libesp32/berry/src/berry.h:15,
                 from lib/libesp32/berry/src/be_object.h:11,
                 from lib/libesp32/berry/src/be_vm.h:11,
                 from lib/libesp32/berry/src/be_api.c:8:
tasmota/my_user_config.h:585:9: warning: 'USE_MULTICAL21' redefined
  585 | #define USE_MULTICAL21                           // Add support for Kamstrup Multical21 / FlowIQ wM-Bus (C1) water meter via CC1101 on hardware SPI (+5k code)
      |         ^~~~~~~~~~~~~~
<command-line>: note: this is the location of the previous definition
In file included from lib/libesp32/berry/src/../default/berry_conf.h:14,
                 from lib/libesp32/berry/src/berry_conf.h:1,
                 from lib/libesp32/berry/src/berry.h:15,
                 from lib/libesp32/berry/src/be_object.h:11,
                 from lib/libesp32/berry/src/be_baselib.c:8:
tasmota/my_user_config.h:585:9: warning: 'USE_MULTICAL21' redefined
  585 | #define USE_MULTICAL21                           // Add support for Kamstrup Multical21 / FlowIQ wM-Bus (C1) water meter via CC1101 on hardware SPI (+5k code)
      |         ^~~~~~~~~~~~~~
<command-line>: note: this is the location of the previous definition
In file included from lib/libesp32/berry/src/../default/berry_conf.h:14,
                 from lib/libesp32/berry/src/berry_conf.h:1,
                 from lib/libesp32/berry/src/berry.h:15,
                 from lib/libesp32/berry/src/be_object.h:11,
                 from lib/libesp32/berry/src/be_bytecode.h:11,
                 from lib/libesp32/berry/src/be_bytecode.c:8:
tasmota/my_user_config.h:585:9: warning: 'USE_MULTICAL21' redefined
  585 | #define USE_MULTICAL21                           // Add support for Kamstrup Multical21 / FlowIQ wM-Bus (C1) water meter via CC1101 on hardware SPI (+5k code)
      |         ^~~~~~~~~~~~~~
<command-line>: note: this is the location of the previous definition
In file included from lib/libesp32/berry/src/../default/berry_conf.h:14,
                 from lib/libesp32/berry/src/berry_conf.h:1,
                 from lib/libesp32/berry/src/berry.h:15,
                 from lib/libesp32/berry/src/be_object.h:11,
                 from lib/libesp32/berry/src/be_class.h:11,
                 from lib/libesp32/berry/src/be_class.c:8:
tasmota/my_user_config.h:585:9: warning: 'USE_MULTICAL21' redefined
  585 | #define USE_MULTICAL21                           // Add support for Kamstrup Multical21 / FlowIQ wM-Bus (C1) water meter via CC1101 on hardware SPI (+5k code)
      |         ^~~~~~~~~~~~~~
<command-line>: note: this is the location of the previous definition
In file included from lib/libesp32/berry/src/../default/berry_conf.h:14,
                 from lib/libesp32/berry/src/berry_conf.h:1,
                 from lib/libesp32/berry/src/berry.h:15,
                 from lib/libesp32/berry/src/be_object.h:11,
                 from lib/libesp32/berry/src/be_debuglib.c:8:
tasmota/my_user_config.h:585:9: warning: 'USE_MULTICAL21' redefined
  585 | #define USE_MULTICAL21                           // Add support for Kamstrup Multical21 / FlowIQ wM-Bus (C1) water meter via CC1101 on hardware SPI (+5k code)
      |         ^~~~~~~~~~~~~~
<command-line>: note: this is the location of the previous definition
In file included from lib/libesp32/berry/src/../default/berry_conf.h:14,
                 from lib/libesp32/berry/src/berry_conf.h:1,
                 from lib/libesp32/berry/src/berry.h:15,
                 from lib/libesp32/berry/src/be_object.h:11,
                 from lib/libesp32/berry/src/be_debug.h:11,
                 from lib/libesp32/berry/src/be_debug.c:8:
tasmota/my_user_config.h:585:9: warning: 'USE_MULTICAL21' redefined
  585 | #define USE_MULTICAL21                           // Add support for Kamstrup Multical21 / FlowIQ wM-Bus (C1) water meter via CC1101 on hardware SPI (+5k code)
      |         ^~~~~~~~~~~~~~
<command-line>: note: this is the location of the previous definition
In file included from lib/libesp32/berry/src/../default/berry_conf.h:14,
                 from lib/libesp32/berry/src/berry_conf.h:1,
                 from lib/libesp32/berry/src/berry.h:15,
                 from lib/libesp32/berry/src/be_object.h:11,
                 from lib/libesp32/berry/src/be_byteslib.c:8:
tasmota/my_user_config.h:585:9: warning: 'USE_MULTICAL21' redefined
  585 | #define USE_MULTICAL21                           // Add support for Kamstrup Multical21 / FlowIQ wM-Bus (C1) water meter via CC1101 on hardware SPI (+5k code)
      |         ^~~~~~~~~~~~~~
<command-line>: note: this is the location of the previous definition
In file included from lib/libesp32/berry/src/../default/berry_conf.h:14,
                 from lib/libesp32/berry/src/berry_conf.h:1,
                 from lib/libesp32/berry/src/berry.h:15,
                 from lib/libesp32/berry/src/be_object.h:11,
                 from lib/libesp32/berry/src/be_parser.h:11,
                 from lib/libesp32/berry/src/be_code.h:11,
                 from lib/libesp32/berry/src/be_code.c:8:
tasmota/my_user_config.h:585:9: warning: 'USE_MULTICAL21' redefined
  585 | #define USE_MULTICAL21                           // Add support for Kamstrup Multical21 / FlowIQ wM-Bus (C1) water meter via CC1101 on hardware SPI (+5k code)
      |         ^~~~~~~~~~~~~~
<command-line>: note: this is the location of the previous definition
In file included from lib/libesp32/berry/src/../default/berry_conf.h:14,
                 from lib/libesp32/berry/src/berry_conf.h:1,
                 from lib/libesp32/berry/src/berry.h:15,
                 from lib/libesp32/berry/src/be_object.h:11,
                 from lib/libesp32/berry/src/be_gc.h:11,
                 from lib/libesp32/berry/src/be_gc.c:8:
tasmota/my_user_config.h:585:9: warning: 'USE_MULTICAL21' redefined
  585 | #define USE_MULTICAL21                           // Add support for Kamstrup Multical21 / FlowIQ wM-Bus (C1) water meter via CC1101 on hardware SPI (+5k code)
      |         ^~~~~~~~~~~~~~
<command-line>: note: this is the location of the previous definition
In file included from lib/libesp32/berry/src/../default/berry_conf.h:14,
                 from lib/libesp32/berry/src/berry_conf.h:1,
                 from lib/libesp32/berry/src/berry.h:15,
                 from lib/libesp32/berry/src/be_object.h:11,
                 from lib/libesp32/berry/src/be_func.h:11,
                 from lib/libesp32/berry/src/be_func.c:8:
tasmota/my_user_config.h:585:9: warning: 'USE_MULTICAL21' redefined
  585 | #define USE_MULTICAL21                           // Add support for Kamstrup Multical21 / FlowIQ wM-Bus (C1) water meter via CC1101 on hardware SPI (+5k code)
      |         ^~~~~~~~~~~~~~
<command-line>: note: this is the location of the previous definition
In file included from lib/libesp32/berry/src/../default/berry_conf.h:14,
                 from lib/libesp32/berry/src/berry_conf.h:1,
                 from lib/libesp32/berry/src/berry.h:15,
                 from lib/libesp32/berry/src/be_object.h:11,
                 from lib/libesp32/berry/src/be_globallib.c:8:
tasmota/my_user_config.h:585:9: warning: 'USE_MULTICAL21' redefined
  585 | #define USE_MULTICAL21                           // Add support for Kamstrup Multical21 / FlowIQ wM-Bus (C1) water meter via CC1101 on hardware SPI (+5k code)
      |         ^~~~~~~~~~~~~~
<command-line>: note: this is the location of the previous definition
In file included from lib/libesp32/berry/src/../default/berry_conf.h:14,
                 from lib/libesp32/berry/src/berry_conf.h:1,
                 from lib/libesp32/berry/src/berry.h:15,
                 from lib/libesp32/berry/src/be_object.h:11,
                 from lib/libesp32/berry/src/be_filelib.c:8:
tasmota/my_user_config.h:585:9: warning: 'USE_MULTICAL21' redefined
  585 | #define USE_MULTICAL21                           // Add support for Kamstrup Multical21 / FlowIQ wM-Bus (C1) water meter via CC1101 on hardware SPI (+5k code)
      |         ^~~~~~~~~~~~~~
<command-line>: note: this is the location of the previous definition
In file included from lib/libesp32/berry/src/../default/berry_conf.h:14,
                 from lib/libesp32/berry/src/berry_conf.h:1,
                 from lib/libesp32/berry/src/berry.h:15,
                 from lib/libesp32/berry/src/be_object.h:11,
                 from lib/libesp32/berry/src/be_exec.h:11,
                 from lib/libesp32/berry/src/be_exec.c:8:
tasmota/my_user_config.h:585:9: warning: 'USE_MULTICAL21' redefined
  585 | #define USE_MULTICAL21                           // Add support for Kamstrup Multical21 / FlowIQ wM-Bus (C1) water meter via CC1101 on hardware SPI (+5k code)
      |         ^~~~~~~~~~~~~~
<command-line>: note: this is the location of the previous definition
Compiling .pio\build\tasmota32s3-heltec-wmbus\lib179\berry\be_lexer.c.o
In file included from lib/libesp32/berry/src/../default/berry_conf.h:14,
                 from lib/libesp32/berry/src/berry_conf.h:1,
                 from lib/libesp32/berry/src/berry.h:15,
                 from lib/libesp32/berry/src/be_object.h:11,
                 from lib/libesp32/berry/src/be_gclib.c:8:
tasmota/my_user_config.h:585:9: warning: 'USE_MULTICAL21' redefined
  585 | #define USE_MULTICAL21                           // Add support for Kamstrup Multical21 / FlowIQ wM-Bus (C1) water meter via CC1101 on hardware SPI (+5k code)
      |         ^~~~~~~~~~~~~~
<command-line>: note: this is the location of the previous definition
Compiling .pio\build\tasmota32s3-heltec-wmbus\lib179\berry\be_libs.c.o
In file included from lib/libesp32/berry/src/../default/berry_conf.h:14,
                 from lib/libesp32/berry/src/berry_conf.h:1,
                 from lib/libesp32/berry/src/berry.h:15,
                 from lib/libesp32/berry/src/be_object.h:11,
                 from lib/libesp32/berry/src/be_introspectlib.c:8:
tasmota/my_user_config.h:585:9: warning: 'USE_MULTICAL21' redefined
  585 | #define USE_MULTICAL21                           // Add support for Kamstrup Multical21 / FlowIQ wM-Bus (C1) water meter via CC1101 on hardware SPI (+5k code)
      |         ^~~~~~~~~~~~~~
<command-line>: note: this is the location of the previous definition
Compiling .pio\build\tasmota32s3-heltec-wmbus\lib179\berry\be_list.c.o
Compiling .pio\build\tasmota32s3-heltec-wmbus\lib179\berry\be_listlib.c.o
Compiling .pio\build\tasmota32s3-heltec-wmbus\lib179\berry\be_map.c.o
Compiling .pio\build\tasmota32s3-heltec-wmbus\lib179\berry\be_maplib.c.o
Compiling .pio\build\tasmota32s3-heltec-wmbus\lib179\berry\be_mathlib.c.o
Compiling .pio\build\tasmota32s3-heltec-wmbus\lib179\berry\be_mem.c.o
In file included from lib/libesp32/berry/src/../default/berry_conf.h:14,
                 from lib/libesp32/berry/src/berry_conf.h:1,
                 from lib/libesp32/berry/src/berry.h:15,
                 from lib/libesp32/berry/src/be_object.h:11,
                 from lib/libesp32/berry/src/be_jsonlib.c:8:
tasmota/my_user_config.h:585:9: warning: 'USE_MULTICAL21' redefined
  585 | #define USE_MULTICAL21                           // Add support for Kamstrup Multical21 / FlowIQ wM-Bus (C1) water meter via CC1101 on hardware SPI (+5k code)
      |         ^~~~~~~~~~~~~~
<command-line>: note: this is the location of the previous definition
Compiling .pio\build\tasmota32s3-heltec-wmbus\lib179\berry\be_module.c.o
Compiling .pio\build\tasmota32s3-heltec-wmbus\lib179\berry\be_object.c.o
Compiling .pio\build\tasmota32s3-heltec-wmbus\lib179\berry\be_oslib.c.o
Compiling .pio\build\tasmota32s3-heltec-wmbus\lib179\berry\be_parser.c.o
Compiling .pio\build\tasmota32s3-heltec-wmbus\lib179\berry\be_preproc.c.o
Compiling .pio\build\tasmota32s3-heltec-wmbus\lib179\berry\be_preproclib.c.o
Compiling .pio\build\tasmota32s3-heltec-wmbus\lib179\berry\be_rangelib.c.o
Compiling .pio\build\tasmota32s3-heltec-wmbus\lib179\berry\be_repl.c.o
Compiling .pio\build\tasmota32s3-heltec-wmbus\lib179\berry\be_solidifylib.c.o
In file included from lib/libesp32/berry/src/../default/berry_conf.h:14,
                 from lib/libesp32/berry/src/berry_conf.h:1,
                 from lib/libesp32/berry/src/berry.h:15,
                 from lib/libesp32/berry/src/be_object.h:11,
                 from lib/libesp32/berry/src/be_lexer.h:11,
                 from lib/libesp32/berry/src/be_lexer.c:8:
tasmota/my_user_config.h:585:9: warning: 'USE_MULTICAL21' redefined
  585 | #define USE_MULTICAL21                           // Add support for Kamstrup Multical21 / FlowIQ wM-Bus (C1) water meter via CC1101 on hardware SPI (+5k code)
      |         ^~~~~~~~~~~~~~
<command-line>: note: this is the location of the previous definition
In file included from lib/libesp32/berry/src/../default/berry_conf.h:14,
                 from lib/libesp32/berry/src/berry_conf.h:1,
                 from lib/libesp32/berry/src/berry.h:15,
                 from lib/libesp32/berry/src/be_libs.h:11,
                 from lib/libesp32/berry/src/be_libs.c:8:
tasmota/my_user_config.h:585:9: warning: 'USE_MULTICAL21' redefined
  585 | #define USE_MULTICAL21                           // Add support for Kamstrup Multical21 / FlowIQ wM-Bus (C1) water meter via CC1101 on hardware SPI (+5k code)
      |         ^~~~~~~~~~~~~~
<command-line>: note: this is the location of the previous definition
In file included from lib/libesp32/berry/src/../default/berry_conf.h:14,
                 from lib/libesp32/berry/src/berry_conf.h:1,
                 from lib/libesp32/berry/src/berry.h:15,
                 from lib/libesp32/berry/src/be_object.h:11,
                 from lib/libesp32/berry/src/be_list.h:11,
                 from lib/libesp32/berry/src/be_list.c:8:
tasmota/my_user_config.h:585:9: warning: 'USE_MULTICAL21' redefined
  585 | #define USE_MULTICAL21                           // Add support for Kamstrup Multical21 / FlowIQ wM-Bus (C1) water meter via CC1101 on hardware SPI (+5k code)
      |         ^~~~~~~~~~~~~~
<command-line>: note: this is the location of the previous definition
Compiling .pio\build\tasmota32s3-heltec-wmbus\lib179\berry\be_strictlib.c.o
In file included from lib/libesp32/berry/src/../default/berry_conf.h:14,
                 from lib/libesp32/berry/src/berry_conf.h:1,
                 from lib/libesp32/berry/src/berry.h:15,
                 from lib/libesp32/berry/src/be_object.h:11,
                 from lib/libesp32/berry/src/be_map.h:11,
                 from lib/libesp32/berry/src/be_map.c:8:
tasmota/my_user_config.h:585:9: warning: 'USE_MULTICAL21' redefined
  585 | #define USE_MULTICAL21                           // Add support for Kamstrup Multical21 / FlowIQ wM-Bus (C1) water meter via CC1101 on hardware SPI (+5k code)
      |         ^~~~~~~~~~~~~~
<command-line>: note: this is the location of the previous definition
In file included from lib/libesp32/berry/src/../default/berry_conf.h:14,
                 from lib/libesp32/berry/src/berry_conf.h:1,
                 from lib/libesp32/berry/src/berry.h:15,
                 from lib/libesp32/berry/src/be_object.h:11,
                 from lib/libesp32/berry/src/be_listlib.c:8:
tasmota/my_user_config.h:585:9: warning: 'USE_MULTICAL21' redefined
  585 | #define USE_MULTICAL21                           // Add support for Kamstrup Multical21 / FlowIQ wM-Bus (C1) water meter via CC1101 on hardware SPI (+5k code)
      |         ^~~~~~~~~~~~~~
<command-line>: note: this is the location of the previous definition
In file included from lib/libesp32/berry/src/../default/berry_conf.h:14,
                 from lib/libesp32/berry/src/berry_conf.h:1,
                 from lib/libesp32/berry/src/berry.h:15,
                 from lib/libesp32/berry/src/be_object.h:11,
                 from lib/libesp32/berry/src/be_maplib.c:8:
tasmota/my_user_config.h:585:9: warning: 'USE_MULTICAL21' redefined
  585 | #define USE_MULTICAL21                           // Add support for Kamstrup Multical21 / FlowIQ wM-Bus (C1) water meter via CC1101 on hardware SPI (+5k code)
      |         ^~~~~~~~~~~~~~
<command-line>: note: this is the location of the previous definition
In file included from lib/libesp32/berry/src/../default/berry_conf.h:14,
                 from lib/libesp32/berry/src/berry_conf.h:1,
                 from lib/libesp32/berry/src/berry.h:15,
                 from lib/libesp32/berry/src/be_object.h:11,
                 from lib/libesp32/berry/src/be_mathlib.c:8:
tasmota/my_user_config.h:585:9: warning: 'USE_MULTICAL21' redefined
  585 | #define USE_MULTICAL21                           // Add support for Kamstrup Multical21 / FlowIQ wM-Bus (C1) water meter via CC1101 on hardware SPI (+5k code)
      |         ^~~~~~~~~~~~~~
<command-line>: note: this is the location of the previous definition
In file included from lib/libesp32/berry/src/../default/berry_conf.h:14,
                 from lib/libesp32/berry/src/berry_conf.h:1,
                 from lib/libesp32/berry/src/berry.h:15,
                 from lib/libesp32/berry/src/be_mem.h:11,
                 from lib/libesp32/berry/src/be_mem.c:8:
tasmota/my_user_config.h:585:9: warning: 'USE_MULTICAL21' redefined
  585 | #define USE_MULTICAL21                           // Add support for Kamstrup Multical21 / FlowIQ wM-Bus (C1) water meter via CC1101 on hardware SPI (+5k code)
      |         ^~~~~~~~~~~~~~
<command-line>: note: this is the location of the previous definition
In file included from lib/libesp32/berry/src/../default/berry_conf.h:14,
                 from lib/libesp32/berry/src/berry_conf.h:1,
                 from lib/libesp32/berry/src/berry.h:15,
                 from lib/libesp32/berry/src/be_object.h:11,
                 from lib/libesp32/berry/src/be_module.h:11,
                 from lib/libesp32/berry/src/be_module.c:8:
tasmota/my_user_config.h:585:9: warning: 'USE_MULTICAL21' redefined
  585 | #define USE_MULTICAL21                           // Add support for Kamstrup Multical21 / FlowIQ wM-Bus (C1) water meter via CC1101 on hardware SPI (+5k code)
      |         ^~~~~~~~~~~~~~
<command-line>: note: this is the location of the previous definition
In file included from lib/libesp32/berry/src/../default/berry_conf.h:14,
                 from lib/libesp32/berry/src/berry_conf.h:1,
                 from lib/libesp32/berry/src/berry.h:15,
                 from lib/libesp32/berry/src/be_object.h:11,
                 from lib/libesp32/berry/src/be_oslib.c:8:
tasmota/my_user_config.h:585:9: warning: 'USE_MULTICAL21' redefined
  585 | #define USE_MULTICAL21                           // Add support for Kamstrup Multical21 / FlowIQ wM-Bus (C1) water meter via CC1101 on hardware SPI (+5k code)
      |         ^~~~~~~~~~~~~~
<command-line>: note: this is the location of the previous definition
In file included from lib/libesp32/berry/src/../default/berry_conf.h:14,
                 from lib/libesp32/berry/src/berry_conf.h:1,
                 from lib/libesp32/berry/src/berry.h:15,
                 from lib/libesp32/berry/src/be_object.h:11,
                 from lib/libesp32/berry/src/be_object.c:8:
tasmota/my_user_config.h:585:9: warning: 'USE_MULTICAL21' redefined
  585 | #define USE_MULTICAL21                           // Add support for Kamstrup Multical21 / FlowIQ wM-Bus (C1) water meter via CC1101 on hardware SPI (+5k code)
      |         ^~~~~~~~~~~~~~
<command-line>: note: this is the location of the previous definition
In file included from lib/libesp32/berry/src/../default/berry_conf.h:14,
                 from lib/libesp32/berry/src/berry_conf.h:1,
                 from lib/libesp32/berry/src/berry.h:15,
                 from lib/libesp32/berry/src/be_preproc.c:8:
tasmota/my_user_config.h:585:9: warning: 'USE_MULTICAL21' redefined
  585 | #define USE_MULTICAL21                           // Add support for Kamstrup Multical21 / FlowIQ wM-Bus (C1) water meter via CC1101 on hardware SPI (+5k code)
      |         ^~~~~~~~~~~~~~
<command-line>: note: this is the location of the previous definition
Compiling .pio\build\tasmota32s3-heltec-wmbus\lib179\berry\be_string.c.o
In file included from lib/libesp32/berry/src/../default/berry_conf.h:14,
                 from lib/libesp32/berry/src/berry_conf.h:1,
                 from lib/libesp32/berry/src/berry.h:15,
                 from lib/libesp32/berry/src/be_object.h:11,
                 from lib/libesp32/berry/src/be_parser.h:11,
                 from lib/libesp32/berry/src/be_parser.c:8:
tasmota/my_user_config.h:585:9: warning: 'USE_MULTICAL21' redefined
  585 | #define USE_MULTICAL21                           // Add support for Kamstrup Multical21 / FlowIQ wM-Bus (C1) water meter via CC1101 on hardware SPI (+5k code)
      |         ^~~~~~~~~~~~~~
<command-line>: note: this is the location of the previous definition
In file included from lib/libesp32/berry/src/../default/berry_conf.h:14,
                 from lib/libesp32/berry/src/berry_conf.h:1,
                 from lib/libesp32/berry/src/berry.h:15,
                 from lib/libesp32/berry/src/be_object.h:11,
                 from lib/libesp32/berry/src/be_preproclib.c:8:
tasmota/my_user_config.h:585:9: warning: 'USE_MULTICAL21' redefined
  585 | #define USE_MULTICAL21                           // Add support for Kamstrup Multical21 / FlowIQ wM-Bus (C1) water meter via CC1101 on hardware SPI (+5k code)
      |         ^~~~~~~~~~~~~~
<command-line>: note: this is the location of the previous definition
In file included from lib/libesp32/berry/src/../default/berry_conf.h:14,
                 from lib/libesp32/berry/src/berry_conf.h:1,
                 from lib/libesp32/berry/src/berry.h:15,
                 from lib/libesp32/berry/src/be_repl.c:8:
tasmota/my_user_config.h:585:9: warning: 'USE_MULTICAL21' redefined
  585 | #define USE_MULTICAL21                           // Add support for Kamstrup Multical21 / FlowIQ wM-Bus (C1) water meter via CC1101 on hardware SPI (+5k code)
      |         ^~~~~~~~~~~~~~
<command-line>: note: this is the location of the previous definition
Compiling .pio\build\tasmota32s3-heltec-wmbus\lib179\berry\be_strlib.c.o
In file included from lib/libesp32/berry/src/../default/berry_conf.h:14,
                 from lib/libesp32/berry/src/berry_conf.h:1,
                 from lib/libesp32/berry/src/berry.h:15,
                 from lib/libesp32/berry/src/be_object.h:11,
                 from lib/libesp32/berry/src/be_rangelib.c:8:
tasmota/my_user_config.h:585:9: warning: 'USE_MULTICAL21' redefined
  585 | #define USE_MULTICAL21                           // Add support for Kamstrup Multical21 / FlowIQ wM-Bus (C1) water meter via CC1101 on hardware SPI (+5k code)
      |         ^~~~~~~~~~~~~~
<command-line>: note: this is the location of the previous definition
Compiling .pio\build\tasmota32s3-heltec-wmbus\lib179\berry\be_syslib.c.o
Compiling .pio\build\tasmota32s3-heltec-wmbus\lib179\berry\be_timelib.c.o
Compiling .pio\build\tasmota32s3-heltec-wmbus\lib179\berry\be_undefinedlib.c.o
Compiling .pio\build\tasmota32s3-heltec-wmbus\lib179\berry\be_var.c.o
Compiling .pio\build\tasmota32s3-heltec-wmbus\lib179\berry\be_vector.c.o
Compiling .pio\build\tasmota32s3-heltec-wmbus\lib179\berry\be_vm.c.o
Compiling .pio\build\tasmota32s3-heltec-wmbus\libb4c\berry_mapping\be_cb_module.c.o
In file included from lib/libesp32/berry/src/../default/berry_conf.h:14,
                 from lib/libesp32/berry/src/berry_conf.h:1,
                 from lib/libesp32/berry/src/berry.h:15,
                 from lib/libesp32/berry/src/be_object.h:11,
                 from lib/libesp32/berry/src/be_solidifylib.c:8:
tasmota/my_user_config.h:585:9: warning: 'USE_MULTICAL21' redefined
  585 | #define USE_MULTICAL21                           // Add support for Kamstrup Multical21 / FlowIQ wM-Bus (C1) water meter via CC1101 on hardware SPI (+5k code)
Compiling .pio\build\tasmota32s3-heltec-wmbus\libb4c\berry_mapping\be_class_wrapper.c.o
      |         ^~~~~~~~~~~~~~
<command-line>: note: this is the location of the previous definition
Compiling .pio\build\tasmota32s3-heltec-wmbus\libb4c\berry_mapping\be_const_members.c.o
Compiling .pio\build\tasmota32s3-heltec-wmbus\libb4c\berry_mapping\be_mapping_security_tests.c.o
Compiling .pio\build\tasmota32s3-heltec-wmbus\libb4c\berry_mapping\be_mapping_utils.c.o
Compiling .pio\build\tasmota32s3-heltec-wmbus\libb4c\berry_mapping\be_raisef.c.o
Compiling .pio\build\tasmota32s3-heltec-wmbus\lib8ba\berry_animation\be_animation.c.o
In file included from lib/libesp32/berry/src/../default/berry_conf.h:14,
                 from lib/libesp32/berry/src/berry_conf.h:1,
                 from lib/libesp32/berry/src/berry.h:15,
                 from lib/libesp32/berry/src/be_object.h:11,
                 from lib/libesp32/berry/src/be_strictlib.c:8:
tasmota/my_user_config.h:585:9: warning: 'USE_MULTICAL21' redefined
  585 | #define USE_MULTICAL21                           // Add support for Kamstrup Multical21 / FlowIQ wM-Bus (C1) water meter via CC1101 on hardware SPI (+5k code)
      |         ^~~~~~~~~~~~~~
<command-line>: note: this is the location of the previous definition
Compiling .pio\build\tasmota32s3-heltec-wmbus\lib8ba\berry_animation\be_frame_buffer_ntv.c.o
In file included from include/tasmota_options.h:23,
                 from <command-line>:
include/../tasmota/my_user_config.h:585:9: warning: 'USE_MULTICAL21' redefined
  585 | #define USE_MULTICAL21                           // Add support for Kamstrup Multical21 / FlowIQ wM-Bus (C1) water meter via CC1101 on hardware SPI (+5k code)
      |         ^~~~~~~~~~~~~~
<command-line>: note: this is the location of the previous definition
Compiling .pio\build\tasmota32s3-heltec-wmbus\lib8ba\berry_animation\be_frame_buffer_ntv_impl.cpp.o
In file included from lib/libesp32/berry/src/../default/berry_conf.h:14,
                 from lib/libesp32/berry/src/berry_conf.h:1,
                 from lib/libesp32/berry/src/berry.h:15,
                 from lib/libesp32/berry/src/be_object.h:11,
                 from lib/libesp32/berry/src/be_string.h:11,
                 from lib/libesp32/berry/src/be_string.c:8:
tasmota/my_user_config.h:585:9: warning: 'USE_MULTICAL21' redefined
  585 | #define USE_MULTICAL21                           // Add support for Kamstrup Multical21 / FlowIQ wM-Bus (C1) water meter via CC1101 on hardware SPI (+5k code)
      |         ^~~~~~~~~~~~~~
<command-line>: note: this is the location of the previous definition
In file included from lib/libesp32/berry/src/../default/berry_conf.h:14,
                 from lib/libesp32/berry/src/berry_conf.h:1,
                 from lib/libesp32/berry/src/berry.h:15,
                 from lib/libesp32/berry/src/be_object.h:11,
                 from lib/libesp32/berry/src/be_syslib.c:8:
tasmota/my_user_config.h:585:9: warning: 'USE_MULTICAL21' redefined
  585 | #define USE_MULTICAL21                           // Add support for Kamstrup Multical21 / FlowIQ wM-Bus (C1) water meter via CC1101 on hardware SPI (+5k code)
      |         ^~~~~~~~~~~~~~
<command-line>: note: this is the location of the previous definition
In file included from lib/libesp32/berry/src/../default/berry_conf.h:14,
                 from lib/libesp32/berry/src/berry_conf.h:1,
                 from lib/libesp32/berry/src/berry.h:15,
                 from lib/libesp32/berry/src/be_object.h:11,
                 from lib/libesp32/berry/src/be_strlib.h:11,
                 from lib/libesp32/berry/src/be_strlib.c:8:
tasmota/my_user_config.h:585:9: warning: 'USE_MULTICAL21' redefined
  585 | #define USE_MULTICAL21                           // Add support for Kamstrup Multical21 / FlowIQ wM-Bus (C1) water meter via CC1101 on hardware SPI (+5k code)
      |         ^~~~~~~~~~~~~~
<command-line>: note: this is the location of the previous definition
Compiling .pio\build\tasmota32s3-heltec-wmbus\lib661\berry_matter\be_matter_counter.cpp.o
In file included from lib/libesp32/berry/src/../default/berry_conf.h:14,
                 from lib/libesp32/berry/src/berry_conf.h:1,
                 from lib/libesp32/berry/src/berry.h:15,
                 from lib/libesp32/berry/src/be_timelib.c:8:
tasmota/my_user_config.h:585:9: warning: 'USE_MULTICAL21' redefined
  585 | #define USE_MULTICAL21                           // Add support for Kamstrup Multical21 / FlowIQ wM-Bus (C1) water meter via CC1101 on hardware SPI (+5k code)
      |         ^~~~~~~~~~~~~~
<command-line>: note: this is the location of the previous definition
In file included from lib/libesp32/berry/src/../default/berry_conf.h:14,
                 from lib/libesp32/berry/src/berry_conf.h:1,
                 from lib/libesp32/berry/src/berry.h:15,
                 from lib/libesp32/berry/src/be_object.h:11,
                 from lib/libesp32/berry/src/be_var.h:11,
                 from lib/libesp32/berry/src/be_var.c:8:
tasmota/my_user_config.h:585:9: warning: 'USE_MULTICAL21' redefined
  585 | #define USE_MULTICAL21                           // Add support for Kamstrup Multical21 / FlowIQ wM-Bus (C1) water meter via CC1101 on hardware SPI (+5k code)
      |         ^~~~~~~~~~~~~~
<command-line>: note: this is the location of the previous definition
In file included from lib/libesp32/berry/src/../default/berry_conf.h:14,
                 from lib/libesp32/berry/src/berry_conf.h:1,
                 from lib/libesp32/berry/src/berry.h:15,
                 from lib/libesp32/berry/src/be_object.h:11,
                 from lib/libesp32/berry/src/be_undefinedlib.c:8:
tasmota/my_user_config.h:585:9: warning: 'USE_MULTICAL21' redefined
  585 | #define USE_MULTICAL21                           // Add support for Kamstrup Multical21 / FlowIQ wM-Bus (C1) water meter via CC1101 on hardware SPI (+5k code)
      |         ^~~~~~~~~~~~~~
<command-line>: note: this is the location of the previous definition
In file included from include/tasmota_options.h:23,
                 from <command-line>:
include/../tasmota/my_user_config.h:585:9: warning: 'USE_MULTICAL21' redefined
  585 | #define USE_MULTICAL21                           // Add support for Kamstrup Multical21 / FlowIQ wM-Bus (C1) water meter via CC1101 on hardware SPI (+5k code)
      |         ^~~~~~~~~~~~~~
<command-line>: note: this is the location of the previous definition
In file included from lib/libesp32/berry/src/../default/berry_conf.h:14,
                 from lib/libesp32/berry/src/berry_conf.h:1,
                 from lib/libesp32/berry/src/berry.h:15,
                 from lib/libesp32/berry/src/be_object.h:11,
                 from lib/libesp32/berry/src/be_vm.h:11,
                 from lib/libesp32/berry/src/be_vm.c:8:
tasmota/my_user_config.h:585:9: warning: 'USE_MULTICAL21' redefined
  585 | #define USE_MULTICAL21                           // Add support for Kamstrup Multical21 / FlowIQ wM-Bus (C1) water meter via CC1101 on hardware SPI (+5k code)
      |         ^~~~~~~~~~~~~~
<command-line>: note: this is the location of the previous definition
In file included from lib/libesp32/berry/src/../default/berry_conf.h:14,
                 from lib/libesp32/berry/src/berry_conf.h:1,
                 from lib/libesp32/berry/src/berry.h:15,
                 from lib/libesp32/berry/src/be_object.h:11,
                 from lib/libesp32/berry/src/be_constobj.h:15,
                 from lib/libesp32/berry_mapping/src/be_cb_module.c:7:
tasmota/my_user_config.h:585:9: warning: 'USE_MULTICAL21' redefined
  585 | #define USE_MULTICAL21                           // Add support for Kamstrup Multical21 / FlowIQ wM-Bus (C1) water meter via CC1101 on hardware SPI (+5k code)
      |         ^~~~~~~~~~~~~~
<command-line>: note: this is the location of the previous definition
In file included from lib/libesp32/berry/src/../default/berry_conf.h:14,
                 from lib/libesp32/berry/src/berry_conf.h:1,
                 from lib/libesp32/berry/src/berry.h:15,
                 from lib/libesp32/berry/src/be_object.h:11,
                 from lib/libesp32/berry/src/be_vector.h:11,
                 from lib/libesp32/berry/src/be_vector.c:8:
tasmota/my_user_config.h:585:9: warning: 'USE_MULTICAL21' redefined
  585 | #define USE_MULTICAL21                           // Add support for Kamstrup Multical21 / FlowIQ wM-Bus (C1) water meter via CC1101 on hardware SPI (+5k code)
      |         ^~~~~~~~~~~~~~
<command-line>: note: this is the location of the previous definition
In file included from lib/libesp32/berry/src/../default/berry_conf.h:14,
                 from lib/libesp32/berry/src/berry_conf.h:1,
                 from lib/libesp32/berry/src/berry.h:15,
                 from lib/libesp32/berry_mapping/src/be_mapping.h:6,
                 from lib/libesp32/berry_mapping/src/be_mapping_security_tests.c:10:
tasmota/my_user_config.h:585:9: warning: 'USE_MULTICAL21' redefined
  585 | #define USE_MULTICAL21                           // Add support for Kamstrup Multical21 / FlowIQ wM-Bus (C1) water meter via CC1101 on hardware SPI (+5k code)
      |         ^~~~~~~~~~~~~~
<command-line>: note: this is the location of the previous definition
In file included from include/tasmota_options.h:23,
                 from <command-line>:
include/../tasmota/my_user_config.h:585:9: warning: 'USE_MULTICAL21' redefined
  585 | #define USE_MULTICAL21                           // Add support for Kamstrup Multical21 / FlowIQ wM-Bus (C1) water meter via CC1101 on hardware SPI (+5k code)
      |         ^~~~~~~~~~~~~~
<command-line>: note: this is the location of the previous definition
In file included from lib/libesp32/berry/src/../default/berry_conf.h:14,
                 from lib/libesp32/berry/src/berry_conf.h:1,
                 from lib/libesp32/berry/src/berry.h:15,
                 from lib/libesp32/berry_mapping/src/be_mapping.h:6,
                 from lib/libesp32/berry_mapping/src/be_class_wrapper.c:12:
tasmota/my_user_config.h:585:9: warning: 'USE_MULTICAL21' redefined
  585 | #define USE_MULTICAL21                           // Add support for Kamstrup Multical21 / FlowIQ wM-Bus (C1) water meter via CC1101 on hardware SPI (+5k code)
      |         ^~~~~~~~~~~~~~
<command-line>: note: this is the location of the previous definition
In file included from lib/libesp32/berry/src/../default/berry_conf.h:14,
                 from lib/libesp32/berry/src/berry_conf.h:1,
                 from lib/libesp32/berry/src/berry.h:15,
                 from lib/libesp32/berry_mapping/src/be_mapping.h:6,
                 from lib/libesp32/berry_mapping/src/be_const_members.c:23:
tasmota/my_user_config.h:585:9: warning: 'USE_MULTICAL21' redefined
  585 | #define USE_MULTICAL21                           // Add support for Kamstrup Multical21 / FlowIQ wM-Bus (C1) water meter via CC1101 on hardware SPI (+5k code)
      |         ^~~~~~~~~~~~~~
<command-line>: note: this is the location of the previous definition
In file included from lib/libesp32/berry/src/../default/berry_conf.h:14,
                 from lib/libesp32/berry/src/berry_conf.h:1,
                 from lib/libesp32/berry/src/berry.h:15,
                 from lib/libesp32/berry_mapping/src/be_mapping.h:6,
                 from lib/libesp32/berry_mapping/src/be_raisef.c:11:
tasmota/my_user_config.h:585:9: warning: 'USE_MULTICAL21' redefined
  585 | #define USE_MULTICAL21                           // Add support for Kamstrup Multical21 / FlowIQ wM-Bus (C1) water meter via CC1101 on hardware SPI (+5k code)
      |         ^~~~~~~~~~~~~~
<command-line>: note: this is the location of the previous definition
In file included from lib/libesp32/berry/src/../default/berry_conf.h:14,
                 from lib/libesp32/berry/src/berry_conf.h:1,
                 from lib/libesp32/berry/src/berry.h:15,
                 from lib/libesp32/berry_mapping/src/be_mapping.h:6,
                 from lib/libesp32/berry_mapping/src/be_mapping_utils.c:1:
tasmota/my_user_config.h:585:9: warning: 'USE_MULTICAL21' redefined
  585 | #define USE_MULTICAL21                           // Add support for Kamstrup Multical21 / FlowIQ wM-Bus (C1) water meter via CC1101 on hardware SPI (+5k code)
      |         ^~~~~~~~~~~~~~
<command-line>: note: this is the location of the previous definition
Compiling .pio\build\tasmota32s3-heltec-wmbus\lib661\berry_matter\be_matter_misc.cpp.o
In file included from include/tasmota_options.h:23,
                 from <command-line>:
include/../tasmota/my_user_config.h:585:9: warning: 'USE_MULTICAL21' redefined
  585 | #define USE_MULTICAL21                           // Add support for Kamstrup Multical21 / FlowIQ wM-Bus (C1) water meter via CC1101 on hardware SPI (+5k code)
      |         ^~~~~~~~~~~~~~
<command-line>: note: this is the location of the previous definition
Archiving .pio\build\tasmota32s3-heltec-wmbus\libf6b\libExt-printf.a
Compiling .pio\build\tasmota32s3-heltec-wmbus\lib661\berry_matter\be_matter_module.c.o
Compiling .pio\build\tasmota32s3-heltec-wmbus\lib661\berry_matter\be_matter_qrcode.c.o
Compiling .pio\build\tasmota32s3-heltec-wmbus\lib661\berry_matter\be_matter_verhoeff.cpp.o
Compiling .pio\build\tasmota32s3-heltec-wmbus\lib661\berry_matter\qrcodegen.c.o
Compiling .pio\build\tasmota32s3-heltec-wmbus\lib778\ccronexpr\ccronexpr.c.o
In file included from include/tasmota_options.h:23,
                 from <command-line>:
include/../tasmota/my_user_config.h:585:9: warning: 'USE_MULTICAL21' redefined
  585 | #define USE_MULTICAL21                           // Add support for Kamstrup Multical21 / FlowIQ wM-Bus (C1) water meter via CC1101 on hardware SPI (+5k code)
      |         ^~~~~~~~~~~~~~
<command-line>: note: this is the location of the previous definition
Compiling .pio\build\tasmota32s3-heltec-wmbus\lib982\TasmotaLED\TasmotaLED.cpp.o
Compiling .pio\build\tasmota32s3-heltec-wmbus\lib982\TasmotaLED\TasmotaLEDPusher.cpp.o
In file included from include/tasmota_options.h:23,
                 from <command-line>:
include/../tasmota/my_user_config.h:585:9: warning: 'USE_MULTICAL21' redefined
  585 | #define USE_MULTICAL21                           // Add support for Kamstrup Multical21 / FlowIQ wM-Bus (C1) water meter via CC1101 on hardware SPI (+5k code)
      |         ^~~~~~~~~~~~~~
<command-line>: note: this is the location of the previous definition
Archiving .pio\build\tasmota32s3-heltec-wmbus\libb4c\libberry_mapping.a
Archiving .pio\build\tasmota32s3-heltec-wmbus\lib179\libberry.a
Archiving .pio\build\tasmota32s3-heltec-wmbus\lib8ba\libberry_animation.a
In file included from include/tasmota_options.h:23,
                 from <command-line>:
include/../tasmota/my_user_config.h:585:9: warning: 'USE_MULTICAL21' redefined
  585 | #define USE_MULTICAL21                           // Add support for Kamstrup Multical21 / FlowIQ wM-Bus (C1) water meter via CC1101 on hardware SPI (+5k code)
      |         ^~~~~~~~~~~~~~
<command-line>: note: this is the location of the previous definition
In file included from include/tasmota_options.h:23,
                 from <command-line>:
include/../tasmota/my_user_config.h:585:9: warning: 'USE_MULTICAL21' redefined
  585 | #define USE_MULTICAL21                           // Add support for Kamstrup Multical21 / FlowIQ wM-Bus (C1) water meter via CC1101 on hardware SPI (+5k code)
      |         ^~~~~~~~~~~~~~
<command-line>: note: this is the location of the previous definition
In file included from include/tasmota_options.h:23,
                 from <command-line>:
include/../tasmota/my_user_config.h:585:9: warning: 'USE_MULTICAL21' redefined
  585 | #define USE_MULTICAL21                           // Add support for Kamstrup Multical21 / FlowIQ wM-Bus (C1) water meter via CC1101 on hardware SPI (+5k code)
      |         ^~~~~~~~~~~~~~
<command-line>: note: this is the location of the previous definition
Compiling .pio\build\tasmota32s3-heltec-wmbus\lib982\TasmotaLED\TasmotaLEDPusherRMT.cpp.o
Compiling .pio\build\tasmota32s3-heltec-wmbus\lib982\TasmotaLED\TasmotaLEDPusherSPI.cpp.o
Compiling .pio\build\tasmota32s3-heltec-wmbus\libc39\Zip-readonly-FS\ZipReadFS.cpp.o
Compiling .pio\build\tasmota32s3-heltec-wmbus\lib033\LittleFS\LittleFS.cpp.o
Compiling .pio\build\tasmota32s3-heltec-wmbus\lib8de\berry_tasmota\be_MI32_lib.c.o
Compiling .pio\build\tasmota32s3-heltec-wmbus\lib8de\berry_tasmota\be_TFL_lib.c.o
Compiling .pio\build\tasmota32s3-heltec-wmbus\lib8de\berry_tasmota\be_ULP_lib.c.o
Compiling .pio\build\tasmota32s3-heltec-wmbus\lib8de\berry_tasmota\be_audio_opus_lib.c.o
Compiling .pio\build\tasmota32s3-heltec-wmbus\lib8de\berry_tasmota\be_autoconf_lib.c.o
Compiling .pio\build\tasmota32s3-heltec-wmbus\lib8de\berry_tasmota\be_cam_lib.c.o
Compiling .pio\build\tasmota32s3-heltec-wmbus\lib8de\berry_tasmota\be_crc32_module.c.o
Compiling .pio\build\tasmota32s3-heltec-wmbus\lib8de\berry_tasmota\be_cron_class.cpp.o
Compiling .pio\build\tasmota32s3-heltec-wmbus\lib8de\berry_tasmota\be_crypto_lib.c.o
Compiling .pio\build\tasmota32s3-heltec-wmbus\lib8de\berry_tasmota\be_ctypes.c.o
Compiling .pio\build\tasmota32s3-heltec-wmbus\lib8de\berry_tasmota\be_display_lib.c.o
In file included from include/tasmota_options.h:23,
                 from <command-line>:
include/../tasmota/my_user_config.h:585:9: warning: 'USE_MULTICAL21' redefined
  585 | #define USE_MULTICAL21                           // Add support for Kamstrup Multical21 / FlowIQ wM-Bus (C1) water meter via CC1101 on hardware SPI (+5k code)
      |         ^~~~~~~~~~~~~~
<command-line>: note: this is the location of the previous definition
In file included from include/tasmota_options.h:23,
                 from <command-line>:
include/../tasmota/my_user_config.h:585:9: warning: 'USE_MULTICAL21' redefined
  585 | #define USE_MULTICAL21                           // Add support for Kamstrup Multical21 / FlowIQ wM-Bus (C1) water meter via CC1101 on hardware SPI (+5k code)
      |         ^~~~~~~~~~~~~~
<command-line>: note: this is the location of the previous definition
In file included from include/tasmota_options.h:23,
                 from <command-line>:
include/../tasmota/my_user_config.h:585:9: warning: 'USE_MULTICAL21' redefined
  585 | #define USE_MULTICAL21                           // Add support for Kamstrup Multical21 / FlowIQ wM-Bus (C1) water meter via CC1101 on hardware SPI (+5k code)
      |         ^~~~~~~~~~~~~~
<command-line>: note: this is the location of the previous definition
In file included from include/tasmota_options.h:23,
                 from <command-line>:
include/../tasmota/my_user_config.h:585:9: warning: 'USE_MULTICAL21' redefined
  585 | #define USE_MULTICAL21                           // Add support for Kamstrup Multical21 / FlowIQ wM-Bus (C1) water meter via CC1101 on hardware SPI (+5k code)
      |         ^~~~~~~~~~~~~~
<command-line>: note: this is the location of the previous definition
In file included from include/tasmota_options.h:23,
                 from <command-line>:
include/../tasmota/my_user_config.h:585:9: warning: 'USE_MULTICAL21' redefined
  585 | #define USE_MULTICAL21                           // Add support for Kamstrup Multical21 / FlowIQ wM-Bus (C1) water meter via CC1101 on hardware SPI (+5k code)
      |         ^~~~~~~~~~~~~~
<command-line>: note: this is the location of the previous definition
Archiving .pio\build\tasmota32s3-heltec-wmbus\lib89c\libESP8266Audio.a
Compiling .pio\build\tasmota32s3-heltec-wmbus\lib8de\berry_tasmota\be_driverlib.c.o
In file included from include/tasmota_options.h:23,
                 from <command-line>:
include/../tasmota/my_user_config.h:585:9: warning: 'USE_MULTICAL21' redefined
  585 | #define USE_MULTICAL21                           // Add support for Kamstrup Multical21 / FlowIQ wM-Bus (C1) water meter via CC1101 on hardware SPI (+5k code)
      |         ^~~~~~~~~~~~~~
<command-line>: note: this is the location of the previous definition
In file included from include/tasmota_options.h:23,
                 from <command-line>:
include/../tasmota/my_user_config.h:585:9: warning: 'USE_MULTICAL21' redefined
  585 | #define USE_MULTICAL21                           // Add support for Kamstrup Multical21 / FlowIQ wM-Bus (C1) water meter via CC1101 on hardware SPI (+5k code)
      |         ^~~~~~~~~~~~~~
<command-line>: note: this is the location of the previous definition
In file included from include/tasmota_options.h:23,
                 from <command-line>:
include/../tasmota/my_user_config.h:585:9: warning: 'USE_MULTICAL21' redefined
  585 | #define USE_MULTICAL21                           // Add support for Kamstrup Multical21 / FlowIQ wM-Bus (C1) water meter via CC1101 on hardware SPI (+5k code)
      |         ^~~~~~~~~~~~~~
<command-line>: note: this is the location of the previous definition
In file included from include/tasmota_options.h:23,
                 from <command-line>:
include/../tasmota/my_user_config.h:585:9: warning: 'USE_MULTICAL21' redefined
  585 | #define USE_MULTICAL21                           // Add support for Kamstrup Multical21 / FlowIQ wM-Bus (C1) water meter via CC1101 on hardware SPI (+5k code)
      |         ^~~~~~~~~~~~~~
<command-line>: note: this is the location of the previous definition
In file included from include/tasmota_options.h:23,
                 from <command-line>:
include/../tasmota/my_user_config.h:585:9: warning: 'USE_MULTICAL21' redefined
  585 | #define USE_MULTICAL21                           // Add support for Kamstrup Multical21 / FlowIQ wM-Bus (C1) water meter via CC1101 on hardware SPI (+5k code)
      |         ^~~~~~~~~~~~~~
<command-line>: note: this is the location of the previous definition
Archiving .pio\build\tasmota32s3-heltec-wmbus\lib778\libccronexpr.a
In file included from include/tasmota_options.h:23,
                 from <command-line>:
include/../tasmota/my_user_config.h:585:9: warning: 'USE_MULTICAL21' redefined
  585 | #define USE_MULTICAL21                           // Add support for Kamstrup Multical21 / FlowIQ wM-Bus (C1) water meter via CC1101 on hardware SPI (+5k code)
      |         ^~~~~~~~~~~~~~
<command-line>: note: this is the location of the previous definition
Compiling .pio\build\tasmota32s3-heltec-wmbus\lib8de\berry_tasmota\be_dyn_class.c.o
Compiling .pio\build\tasmota32s3-heltec-wmbus\lib8de\berry_tasmota\be_energy_ctypes_definitions.c.o
In file included from include/tasmota_options.h:23,
                 from <command-line>:
include/../tasmota/my_user_config.h:585:9: warning: 'USE_MULTICAL21' redefined
  585 | #define USE_MULTICAL21                           // Add support for Kamstrup Multical21 / FlowIQ wM-Bus (C1) water meter via CC1101 on hardware SPI (+5k code)
      |         ^~~~~~~~~~~~~~
<command-line>: note: this is the location of the previous definition
Compiling .pio\build\tasmota32s3-heltec-wmbus\lib8de\berry_tasmota\be_energylib.c.o
Compiling .pio\build\tasmota32s3-heltec-wmbus\lib8de\berry_tasmota\be_extensions_lib.c.o
In file included from include/tasmota_options.h:23,
                 from <command-line>:
include/../tasmota/my_user_config.h:585:9: warning: 'USE_MULTICAL21' redefined
  585 | #define USE_MULTICAL21                           // Add support for Kamstrup Multical21 / FlowIQ wM-Bus (C1) water meter via CC1101 on hardware SPI (+5k code)
      |         ^~~~~~~~~~~~~~
<command-line>: note: this is the location of the previous definition
In file included from include/tasmota_options.h:23,
                 from <command-line>:
include/../tasmota/my_user_config.h:585:9: warning: 'USE_MULTICAL21' redefined
  585 | #define USE_MULTICAL21                           // Add support for Kamstrup Multical21 / FlowIQ wM-Bus (C1) water meter via CC1101 on hardware SPI (+5k code)
      |         ^~~~~~~~~~~~~~
<command-line>: note: this is the location of the previous definition
In file included from include/tasmota_options.h:23,
                 from <command-line>:
include/../tasmota/my_user_config.h:585:9: warning: 'USE_MULTICAL21' redefined
  585 | #define USE_MULTICAL21                           // Add support for Kamstrup Multical21 / FlowIQ wM-Bus (C1) water meter via CC1101 on hardware SPI (+5k code)
      |         ^~~~~~~~~~~~~~
<command-line>: note: this is the location of the previous definition
Compiling .pio\build\tasmota32s3-heltec-wmbus\lib8de\berry_tasmota\be_flash_lib.c.o
In file included from include/tasmota_options.h:23,
                 from <command-line>:
include/../tasmota/my_user_config.h:585:9: warning: 'USE_MULTICAL21' redefined
  585 | #define USE_MULTICAL21                           // Add support for Kamstrup Multical21 / FlowIQ wM-Bus (C1) water meter via CC1101 on hardware SPI (+5k code)
      |         ^~~~~~~~~~~~~~
<command-line>: note: this is the location of the previous definition
Compiling .pio\build\tasmota32s3-heltec-wmbus\lib8de\berry_tasmota\be_gpio_lib.c.o
In file included from include/tasmota_options.h:23,
                 from <command-line>:
include/../tasmota/my_user_config.h:585:9: warning: 'USE_MULTICAL21' redefined
  585 | #define USE_MULTICAL21                           // Add support for Kamstrup Multical21 / FlowIQ wM-Bus (C1) water meter via CC1101 on hardware SPI (+5k code)
      |         ^~~~~~~~~~~~~~
<command-line>: note: this is the location of the previous definition
Compiling .pio\build\tasmota32s3-heltec-wmbus\lib8de\berry_tasmota\be_httpserver_lib.c.o
Compiling .pio\build\tasmota32s3-heltec-wmbus\lib8de\berry_tasmota\be_hue_bridge_lib.c.o
In file included from include/tasmota_options.h:23,
                 from <command-line>:
include/../tasmota/my_user_config.h:585:9: warning: 'USE_MULTICAL21' redefined
  585 | #define USE_MULTICAL21                           // Add support for Kamstrup Multical21 / FlowIQ wM-Bus (C1) water meter via CC1101 on hardware SPI (+5k code)
      |         ^~~~~~~~~~~~~~
<command-line>: note: this is the location of the previous definition
Archiving .pio\build\tasmota32s3-heltec-wmbus\lib661\libberry_matter.a
Compiling .pio\build\tasmota32s3-heltec-wmbus\lib8de\berry_tasmota\be_hue_lib.cpp.o
Compiling .pio\build\tasmota32s3-heltec-wmbus\lib8de\berry_tasmota\be_i2c_axp192_axp202_axp2102_lib.c.o
Compiling .pio\build\tasmota32s3-heltec-wmbus\lib8de\berry_tasmota\be_i2c_driverlib.c.o
Compiling .pio\build\tasmota32s3-heltec-wmbus\lib8de\berry_tasmota\be_i2s_audio_lib.c.o
Compiling .pio\build\tasmota32s3-heltec-wmbus\lib8de\berry_tasmota\be_img_lib.c.o
Compiling .pio\build\tasmota32s3-heltec-wmbus\lib8de\berry_tasmota\be_leds_lib.c.o
Compiling .pio\build\tasmota32s3-heltec-wmbus\lib8de\berry_tasmota\be_leds_ntv_lib.c.o
Compiling .pio\build\tasmota32s3-heltec-wmbus\lib8de\berry_tasmota\be_light_lib.c.o
Compiling .pio\build\tasmota32s3-heltec-wmbus\lib8de\berry_tasmota\be_light_state_class.c.o
Compiling .pio\build\tasmota32s3-heltec-wmbus\lib8de\berry_tasmota\be_lv_tasmota_lib.c.o
Compiling .pio\build\tasmota32s3-heltec-wmbus\lib8de\berry_tasmota\be_lv_tasmota_widgets_lib.c.o
In file included from include/tasmota_options.h:23,
                 from <command-line>:
include/../tasmota/my_user_config.h:585:9: warning: 'USE_MULTICAL21' redefined
  585 | #define USE_MULTICAL21                           // Add support for Kamstrup Multical21 / FlowIQ wM-Bus (C1) water meter via CC1101 on hardware SPI (+5k code)
      |         ^~~~~~~~~~~~~~
<command-line>: note: this is the location of the previous definition
Compiling .pio\build\tasmota32s3-heltec-wmbus\lib8de\berry_tasmota\be_matrix_lib.c.o
In file included from include/tasmota_options.h:23,
                 from <command-line>:
include/../tasmota/my_user_config.h:585:9: warning: 'USE_MULTICAL21' redefined
  585 | #define USE_MULTICAL21                           // Add support for Kamstrup Multical21 / FlowIQ wM-Bus (C1) water meter via CC1101 on hardware SPI (+5k code)
      |         ^~~~~~~~~~~~~~
<command-line>: note: this is the location of the previous definition
In file included from include/tasmota_options.h:23,
                 from <command-line>:
include/../tasmota/my_user_config.h:585:9: warning: 'USE_MULTICAL21' redefined
  585 | #define USE_MULTICAL21                           // Add support for Kamstrup Multical21 / FlowIQ wM-Bus (C1) water meter via CC1101 on hardware SPI (+5k code)
      |         ^~~~~~~~~~~~~~
<command-line>: note: this is the location of the previous definition
In file included from include/tasmota_options.h:23,
                 from <command-line>:
include/../tasmota/my_user_config.h:585:9: warning: 'USE_MULTICAL21' redefined
  585 | #define USE_MULTICAL21                           // Add support for Kamstrup Multical21 / FlowIQ wM-Bus (C1) water meter via CC1101 on hardware SPI (+5k code)
      |         ^~~~~~~~~~~~~~
<command-line>: note: this is the location of the previous definition
In file included from include/tasmota_options.h:23,
                 from <command-line>:
include/../tasmota/my_user_config.h:585:9: warning: 'USE_MULTICAL21' redefined
  585 | #define USE_MULTICAL21                           // Add support for Kamstrup Multical21 / FlowIQ wM-Bus (C1) water meter via CC1101 on hardware SPI (+5k code)
      |         ^~~~~~~~~~~~~~
<command-line>: note: this is the location of the previous definition
In file included from include/tasmota_options.h:23,
                 from <command-line>:
include/../tasmota/my_user_config.h:585:9: warning: 'USE_MULTICAL21' redefined
  585 | #define USE_MULTICAL21                           // Add support for Kamstrup Multical21 / FlowIQ wM-Bus (C1) water meter via CC1101 on hardware SPI (+5k code)
      |         ^~~~~~~~~~~~~~
<command-line>: note: this is the location of the previous definition
Compiling .pio\build\tasmota32s3-heltec-wmbus\lib8de\berry_tasmota\be_md5_lib.c.o
In file included from include/tasmota_options.h:23,
                 from <command-line>:
include/../tasmota/my_user_config.h:585:9: warning: 'USE_MULTICAL21' redefined
  585 | #define USE_MULTICAL21                           // Add support for Kamstrup Multical21 / FlowIQ wM-Bus (C1) water meter via CC1101 on hardware SPI (+5k code)
      |         ^~~~~~~~~~~~~~
<command-line>: note: this is the location of the previous definition
In file included from include/tasmota_options.h:23,
                 from <command-line>:
include/../tasmota/my_user_config.h:585:9: warning: 'USE_MULTICAL21' redefined
  585 | #define USE_MULTICAL21                           // Add support for Kamstrup Multical21 / FlowIQ wM-Bus (C1) water meter via CC1101 on hardware SPI (+5k code)
      |         ^~~~~~~~~~~~~~
<command-line>: note: this is the location of the previous definition
In file included from include/tasmota_options.h:23,
                 from <command-line>:
include/../tasmota/my_user_config.h:585:9: warning: 'USE_MULTICAL21' redefined
  585 | #define USE_MULTICAL21                           // Add support for Kamstrup Multical21 / FlowIQ wM-Bus (C1) water meter via CC1101 on hardware SPI (+5k code)
      |         ^~~~~~~~~~~~~~
<command-line>: note: this is the location of the previous definition
In file included from include/tasmota_options.h:23,
                 from <command-line>:
include/../tasmota/my_user_config.h:585:9: warning: 'USE_MULTICAL21' redefined
  585 | #define USE_MULTICAL21                           // Add support for Kamstrup Multical21 / FlowIQ wM-Bus (C1) water meter via CC1101 on hardware SPI (+5k code)
      |         ^~~~~~~~~~~~~~
<command-line>: note: this is the location of the previous definition
In file included from include/tasmota_options.h:23,
                 from <command-line>:
include/../tasmota/my_user_config.h:585:9: warning: 'USE_MULTICAL21' redefined
  585 | #define USE_MULTICAL21                           // Add support for Kamstrup Multical21 / FlowIQ wM-Bus (C1) water meter via CC1101 on hardware SPI (+5k code)
      |         ^~~~~~~~~~~~~~
<command-line>: note: this is the location of the previous definition
In file included from include/tasmota_options.h:23,
                 from <command-line>:
include/../tasmota/my_user_config.h:585:9: warning: 'USE_MULTICAL21' redefined
  585 | #define USE_MULTICAL21                           // Add support for Kamstrup Multical21 / FlowIQ wM-Bus (C1) water meter via CC1101 on hardware SPI (+5k code)
      |         ^~~~~~~~~~~~~~
<command-line>: note: this is the location of the previous definition
In file included from include/tasmota_options.h:23,
                 from <command-line>:
include/../tasmota/my_user_config.h:585:9: warning: 'USE_MULTICAL21' redefined
  585 | #define USE_MULTICAL21                           // Add support for Kamstrup Multical21 / FlowIQ wM-Bus (C1) water meter via CC1101 on hardware SPI (+5k code)
      |         ^~~~~~~~~~~~~~
<command-line>: note: this is the location of the previous definition
In file included from include/tasmota_options.h:23,
                 from <command-line>:
include/../tasmota/my_user_config.h:585:9: warning: 'USE_MULTICAL21' redefined
  585 | #define USE_MULTICAL21                           // Add support for Kamstrup Multical21 / FlowIQ wM-Bus (C1) water meter via CC1101 on hardware SPI (+5k code)
      |         ^~~~~~~~~~~~~~
<command-line>: note: this is the location of the previous definition
Compiling .pio\build\tasmota32s3-heltec-wmbus\lib8de\berry_tasmota\be_mdns_module.c.o
Compiling .pio\build\tasmota32s3-heltec-wmbus\lib8de\berry_tasmota\be_modtab_tasmota.c.o
In file included from include/tasmota_options.h:23,
                 from <command-line>:
include/../tasmota/my_user_config.h:585:9: warning: 'USE_MULTICAL21' redefined
  585 | #define USE_MULTICAL21                           // Add support for Kamstrup Multical21 / FlowIQ wM-Bus (C1) water meter via CC1101 on hardware SPI (+5k code)
      |         ^~~~~~~~~~~~~~
<command-line>: note: this is the location of the previous definition
Compiling .pio\build\tasmota32s3-heltec-wmbus\lib8de\berry_tasmota\be_mqtt_lib.c.o
Compiling .pio\build\tasmota32s3-heltec-wmbus\lib8de\berry_tasmota\be_mqttclient_lib.c.o
Compiling .pio\build\tasmota32s3-heltec-wmbus\lib8de\berry_tasmota\be_onewire_lib.c.o
In file included from include/tasmota_options.h:23,
                 from <command-line>:
include/../tasmota/my_user_config.h:585:9: warning: 'USE_MULTICAL21' redefined
  585 | #define USE_MULTICAL21                           // Add support for Kamstrup Multical21 / FlowIQ wM-Bus (C1) water meter via CC1101 on hardware SPI (+5k code)
      |         ^~~~~~~~~~~~~~
<command-line>: note: this is the location of the previous definition
Compiling .pio\build\tasmota32s3-heltec-wmbus\lib8de\berry_tasmota\be_partition_core_module.c.o
In file included from include/tasmota_options.h:23,
                 from <command-line>:
include/../tasmota/my_user_config.h:585:9: warning: 'USE_MULTICAL21' redefined
  585 | #define USE_MULTICAL21                           // Add support for Kamstrup Multical21 / FlowIQ wM-Bus (C1) water meter via CC1101 on hardware SPI (+5k code)
      |         ^~~~~~~~~~~~~~
<command-line>: note: this is the location of the previous definition
Compiling .pio\build\tasmota32s3-heltec-wmbus\lib8de\berry_tasmota\be_path_tasmota_lib.c.o
Compiling .pio\build\tasmota32s3-heltec-wmbus\lib8de\berry_tasmota\be_persist_lib.c.o
Compiling .pio\build\tasmota32s3-heltec-wmbus\lib8de\berry_tasmota\be_port.cpp.o
Compiling .pio\build\tasmota32s3-heltec-wmbus\lib8de\berry_tasmota\be_python_compat.c.o
In file included from include/tasmota_options.h:23,
                 from lib/lib_basic/TasmotaLED/src/TasmotaLEDPusher.h:26,
                 from lib/lib_basic/TasmotaLED/src/TasmotaLED.cpp:23:
include/../tasmota/my_user_config.h:585:9: warning: 'USE_MULTICAL21' redefined
  585 | #define USE_MULTICAL21                           // Add support for Kamstrup Multical21 / FlowIQ wM-Bus (C1) water meter via CC1101 on hardware SPI (+5k code)
      |         ^~~~~~~~~~~~~~
<command-line>: note: this is the location of the previous definition
Compiling .pio\build\tasmota32s3-heltec-wmbus\lib8de\berry_tasmota\be_serial_lib.c.o
Compiling .pio\build\tasmota32s3-heltec-wmbus\lib8de\berry_tasmota\be_sortedmap_class.c.o
Compiling .pio\build\tasmota32s3-heltec-wmbus\lib8de\berry_tasmota\be_tapp_lib.c.o
In file included from include/tasmota_options.h:23,
                 from <command-line>:
include/../tasmota/my_user_config.h:585:9: warning: 'USE_MULTICAL21' redefined
  585 | #define USE_MULTICAL21                           // Add support for Kamstrup Multical21 / FlowIQ wM-Bus (C1) water meter via CC1101 on hardware SPI (+5k code)
      |         ^~~~~~~~~~~~~~
<command-line>: note: this is the location of the previous definition
Compiling .pio\build\tasmota32s3-heltec-wmbus\lib8de\berry_tasmota\be_tasmota_lib.c.o
Compiling .pio\build\tasmota32s3-heltec-wmbus\lib8de\berry_tasmota\be_tasmota_log_reader_class.c.o
Compiling .pio\build\tasmota32s3-heltec-wmbus\lib8de\berry_tasmota\be_tcpclient_lib.c.o
In file included from include/tasmota_options.h:23,
                 from <command-line>:
include/../tasmota/my_user_config.h:585:9: warning: 'USE_MULTICAL21' redefined
  585 | #define USE_MULTICAL21                           // Add support for Kamstrup Multical21 / FlowIQ wM-Bus (C1) water meter via CC1101 on hardware SPI (+5k code)
      |         ^~~~~~~~~~~~~~
<command-line>: note: this is the location of the previous definition
In file included from include/tasmota_options.h:23,
                 from lib/lib_basic/TasmotaLED/src/TasmotaLEDPusher.h:26,
                 from lib/lib_basic/TasmotaLED/src/TasmotaLEDPusherRMT.cpp:22:
include/../tasmota/my_user_config.h:585:9: warning: 'USE_MULTICAL21' redefined
  585 | #define USE_MULTICAL21                           // Add support for Kamstrup Multical21 / FlowIQ wM-Bus (C1) water meter via CC1101 on hardware SPI (+5k code)
      |         ^~~~~~~~~~~~~~
<command-line>: note: this is the location of the previous definition
In file included from include/tasmota_options.h:23,
                 from <command-line>:
include/../tasmota/my_user_config.h:585:9: warning: 'USE_MULTICAL21' redefined
  585 | #define USE_MULTICAL21                           // Add support for Kamstrup Multical21 / FlowIQ wM-Bus (C1) water meter via CC1101 on hardware SPI (+5k code)
      |         ^~~~~~~~~~~~~~
<command-line>: note: this is the location of the previous definition
In file included from include/tasmota_options.h:23,
                 from <command-line>:
include/../tasmota/my_user_config.h:585:9: warning: 'USE_MULTICAL21' redefined
  585 | #define USE_MULTICAL21                           // Add support for Kamstrup Multical21 / FlowIQ wM-Bus (C1) water meter via CC1101 on hardware SPI (+5k code)
      |         ^~~~~~~~~~~~~~
<command-line>: note: this is the location of the previous definition
Compiling .pio\build\tasmota32s3-heltec-wmbus\lib8de\berry_tasmota\be_tcpclientasyc_lib.c.o
In file included from include/tasmota_options.h:23,
                 from lib/lib_basic/TasmotaLED/src/TasmotaLEDPusher.h:26,
                 from lib/lib_basic/TasmotaLED/src/TasmotaLEDPusher.cpp:22:
include/../tasmota/my_user_config.h:585:9: warning: 'USE_MULTICAL21' redefined
  585 | #define USE_MULTICAL21                           // Add support for Kamstrup Multical21 / FlowIQ wM-Bus (C1) water meter via CC1101 on hardware SPI (+5k code)
      |         ^~~~~~~~~~~~~~
<command-line>: note: this is the location of the previous definition
In file included from include/tasmota_options.h:23,
                 from <command-line>:
include/../tasmota/my_user_config.h:585:9: warning: 'USE_MULTICAL21' redefined
  585 | #define USE_MULTICAL21                           // Add support for Kamstrup Multical21 / FlowIQ wM-Bus (C1) water meter via CC1101 on hardware SPI (+5k code)
      |         ^~~~~~~~~~~~~~
<command-line>: note: this is the location of the previous definition
Compiling .pio\build\tasmota32s3-heltec-wmbus\lib8de\berry_tasmota\be_tcpserver_class.c.o
In file included from include/tasmota_options.h:23,
                 from <command-line>:
include/../tasmota/my_user_config.h:585:9: warning: 'USE_MULTICAL21' redefined
  585 | #define USE_MULTICAL21                           // Add support for Kamstrup Multical21 / FlowIQ wM-Bus (C1) water meter via CC1101 on hardware SPI (+5k code)
      |         ^~~~~~~~~~~~~~
<command-line>: note: this is the location of the previous definition
In file included from include/tasmota_options.h:23,
                 from <command-line>:
include/../tasmota/my_user_config.h:585:9: warning: 'USE_MULTICAL21' redefined
  585 | #define USE_MULTICAL21                           // Add support for Kamstrup Multical21 / FlowIQ wM-Bus (C1) water meter via CC1101 on hardware SPI (+5k code)
      |         ^~~~~~~~~~~~~~
<command-line>: note: this is the location of the previous definition
In file included from include/tasmota_options.h:23,
                 from <command-line>:
include/../tasmota/my_user_config.h:585:9: warning: 'USE_MULTICAL21' redefined
  585 | #define USE_MULTICAL21                           // Add support for Kamstrup Multical21 / FlowIQ wM-Bus (C1) water meter via CC1101 on hardware SPI (+5k code)
      |         ^~~~~~~~~~~~~~
<command-line>: note: this is the location of the previous definition
In file included from include/tasmota_options.h:23,
                 from lib/lib_basic/TasmotaLED/src/TasmotaLEDPusher.h:26,
                 from lib/lib_basic/TasmotaLED/src/TasmotaLEDPusherSPI.cpp:22:
include/../tasmota/my_user_config.h:585:9: warning: 'USE_MULTICAL21' redefined
  585 | #define USE_MULTICAL21                           // Add support for Kamstrup Multical21 / FlowIQ wM-Bus (C1) water meter via CC1101 on hardware SPI (+5k code)
      |         ^~~~~~~~~~~~~~
<command-line>: note: this is the location of the previous definition
In file included from include/tasmota_options.h:23,
                 from <command-line>:
include/../tasmota/my_user_config.h:585:9: warning: 'USE_MULTICAL21' redefined
  585 | #define USE_MULTICAL21                           // Add support for Kamstrup Multical21 / FlowIQ wM-Bus (C1) water meter via CC1101 on hardware SPI (+5k code)
      |         ^~~~~~~~~~~~~~
<command-line>: note: this is the location of the previous definition
In file included from include/tasmota_options.h:23,
                 from <command-line>:
include/../tasmota/my_user_config.h:585:9: warning: 'USE_MULTICAL21' redefined
  585 | #define USE_MULTICAL21                           // Add support for Kamstrup Multical21 / FlowIQ wM-Bus (C1) water meter via CC1101 on hardware SPI (+5k code)
      |         ^~~~~~~~~~~~~~
<command-line>: note: this is the location of the previous definition
Compiling .pio\build\tasmota32s3-heltec-wmbus\lib8de\berry_tasmota\be_trigger_class.c.o
In file included from include/tasmota_options.h:23,
                 from <command-line>:
include/../tasmota/my_user_config.h:585:9: warning: 'USE_MULTICAL21' redefined
  585 | #define USE_MULTICAL21                           // Add support for Kamstrup Multical21 / FlowIQ wM-Bus (C1) water meter via CC1101 on hardware SPI (+5k code)
      |         ^~~~~~~~~~~~~~
<command-line>: note: this is the location of the previous definition
In file included from include/tasmota_options.h:23,
                 from <command-line>:
include/../tasmota/my_user_config.h:585:9: warning: 'USE_MULTICAL21' redefined
  585 | #define USE_MULTICAL21                           // Add support for Kamstrup Multical21 / FlowIQ wM-Bus (C1) water meter via CC1101 on hardware SPI (+5k code)
      |         ^~~~~~~~~~~~~~
<command-line>: note: this is the location of the previous definition
In file included from include/tasmota_options.h:23,
                 from <command-line>:
include/../tasmota/my_user_config.h:585:9: warning: 'USE_MULTICAL21' redefined
  585 | #define USE_MULTICAL21                           // Add support for Kamstrup Multical21 / FlowIQ wM-Bus (C1) water meter via CC1101 on hardware SPI (+5k code)
      |         ^~~~~~~~~~~~~~
<command-line>: note: this is the location of the previous definition
In file included from include/tasmota_options.h:23,
                 from <command-line>:
include/../tasmota/my_user_config.h:585:9: warning: 'USE_MULTICAL21' redefined
  585 | #define USE_MULTICAL21                           // Add support for Kamstrup Multical21 / FlowIQ wM-Bus (C1) water meter via CC1101 on hardware SPI (+5k code)
      |         ^~~~~~~~~~~~~~
<command-line>: note: this is the location of the previous definition
In file included from include/tasmota_options.h:23,
                 from <command-line>:
include/../tasmota/my_user_config.h:585:9: warning: 'USE_MULTICAL21' redefined
  585 | #define USE_MULTICAL21                           // Add support for Kamstrup Multical21 / FlowIQ wM-Bus (C1) water meter via CC1101 on hardware SPI (+5k code)
      |         ^~~~~~~~~~~~~~
<command-line>: note: this is the location of the previous definition
In file included from include/tasmota_options.h:23,
                 from <command-line>:
include/../tasmota/my_user_config.h:585:9: warning: 'USE_MULTICAL21' redefined
  585 | #define USE_MULTICAL21                           // Add support for Kamstrup Multical21 / FlowIQ wM-Bus (C1) water meter via CC1101 on hardware SPI (+5k code)
      |         ^~~~~~~~~~~~~~
<command-line>: note: this is the location of the previous definition
Compiling .pio\build\tasmota32s3-heltec-wmbus\lib8de\berry_tasmota\be_udp_lib.c.o
Compiling .pio\build\tasmota32s3-heltec-wmbus\lib8de\berry_tasmota\be_unishox_lib.c.o
Compiling .pio\build\tasmota32s3-heltec-wmbus\lib8de\berry_tasmota\be_uuid_lib.c.o
In file included from include/tasmota_options.h:23,
                 from <command-line>:
include/../tasmota/my_user_config.h:585:9: warning: 'USE_MULTICAL21' redefined
  585 | #define USE_MULTICAL21                           // Add support for Kamstrup Multical21 / FlowIQ wM-Bus (C1) water meter via CC1101 on hardware SPI (+5k code)
      |         ^~~~~~~~~~~~~~
<command-line>: note: this is the location of the previous definition
Compiling .pio\build\tasmota32s3-heltec-wmbus\lib8de\berry_tasmota\be_webclient_lib.c.o
Compiling .pio\build\tasmota32s3-heltec-wmbus\lib8de\berry_tasmota\be_webfiles_lib.c.o
Archiving .pio\build\tasmota32s3-heltec-wmbus\lib982\libTasmotaLED.a
Compiling .pio\build\tasmota32s3-heltec-wmbus\lib8de\berry_tasmota\be_webserver_async_lib.c.o
Compiling .pio\build\tasmota32s3-heltec-wmbus\lib8de\berry_tasmota\be_webserver_lib.c.o
Compiling .pio\build\tasmota32s3-heltec-wmbus\lib8de\berry_tasmota\be_wire_lib.c.o
In file included from include/tasmota_options.h:23,
                 from <command-line>:
include/../tasmota/my_user_config.h:585:9: warning: 'USE_MULTICAL21' redefined
  585 | #define USE_MULTICAL21                           // Add support for Kamstrup Multical21 / FlowIQ wM-Bus (C1) water meter via CC1101 on hardware SPI (+5k code)
      |         ^~~~~~~~~~~~~~
<command-line>: note: this is the location of the previous definition
In file included from include/tasmota_options.h:23,
                 from <command-line>:
include/../tasmota/my_user_config.h:585:9: warning: 'USE_MULTICAL21' redefined
  585 | #define USE_MULTICAL21                           // Add support for Kamstrup Multical21 / FlowIQ wM-Bus (C1) water meter via CC1101 on hardware SPI (+5k code)
      |         ^~~~~~~~~~~~~~
<command-line>: note: this is the location of the previous definition
Compiling .pio\build\tasmota32s3-heltec-wmbus\lib8de\berry_tasmota\be_wsserver_lib.c.o
Compiling .pio\build\tasmota32s3-heltec-wmbus\lib8de\berry_tasmota\be_zigbee.c.o
Compiling .pio\build\tasmota32s3-heltec-wmbus\lib8de\berry_tasmota\be_zigbee_zb_coord.c.o
Compiling .pio\build\tasmota32s3-heltec-wmbus\lib8de\berry_tasmota\be_zigbee_zcl_attribute.c.o
In file included from include/tasmota_options.h:23,
                 from <command-line>:
include/../tasmota/my_user_config.h:585:9: warning: 'USE_MULTICAL21' redefined
  585 | #define USE_MULTICAL21                           // Add support for Kamstrup Multical21 / FlowIQ wM-Bus (C1) water meter via CC1101 on hardware SPI (+5k code)
      |         ^~~~~~~~~~~~~~
<command-line>: note: this is the location of the previous definition
Compiling .pio\build\tasmota32s3-heltec-wmbus\lib8de\berry_tasmota\be_zigbee_zcl_attribute_list_ntv.c.o
In file included from include/tasmota_options.h:23,
                 from <command-line>:
include/../tasmota/my_user_config.h:585:9: warning: 'USE_MULTICAL21' redefined
  585 | #define USE_MULTICAL21                           // Add support for Kamstrup Multical21 / FlowIQ wM-Bus (C1) water meter via CC1101 on hardware SPI (+5k code)
      |         ^~~~~~~~~~~~~~
<command-line>: note: this is the location of the previous definition
Compiling .pio\build\tasmota32s3-heltec-wmbus\lib8de\berry_tasmota\be_zigbee_zcl_attribute_ntv.c.o
Compiling .pio\build\tasmota32s3-heltec-wmbus\lib8de\berry_tasmota\be_zigbee_zcl_frame.c.o
Compiling .pio\build\tasmota32s3-heltec-wmbus\lib7e6\berry_int64\be_int64_class.c.o
Compiling .pio\build\tasmota32s3-heltec-wmbus\libd15\lv_haspmota\be_lv_haspmota.c.o
In file included from include/tasmota_options.h:23,
                 from <command-line>:
include/../tasmota/my_user_config.h:585:9: warning: 'USE_MULTICAL21' redefined
  585 | #define USE_MULTICAL21                           // Add support for Kamstrup Multical21 / FlowIQ wM-Bus (C1) water meter via CC1101 on hardware SPI (+5k code)
      |         ^~~~~~~~~~~~~~
<command-line>: note: this is the location of the previous definition
In file included from include/tasmota_options.h:23,
                 from <command-line>:
include/../tasmota/my_user_config.h:585:9: warning: 'USE_MULTICAL21' redefined
  585 | #define USE_MULTICAL21                           // Add support for Kamstrup Multical21 / FlowIQ wM-Bus (C1) water meter via CC1101 on hardware SPI (+5k code)
      |         ^~~~~~~~~~~~~~
<command-line>: note: this is the location of the previous definition
In file included from include/tasmota_options.h:23,
                 from <command-line>:
include/../tasmota/my_user_config.h:585:9: warning: 'USE_MULTICAL21' redefined
  585 | #define USE_MULTICAL21                           // Add support for Kamstrup Multical21 / FlowIQ wM-Bus (C1) water meter via CC1101 on hardware SPI (+5k code)
      |         ^~~~~~~~~~~~~~
<command-line>: note: this is the location of the previous definition
In file included from include/tasmota_options.h:23,
                 from <command-line>:
include/../tasmota/my_user_config.h:585:9: warning: 'USE_MULTICAL21' redefined
  585 | #define USE_MULTICAL21                           // Add support for Kamstrup Multical21 / FlowIQ wM-Bus (C1) water meter via CC1101 on hardware SPI (+5k code)
      |         ^~~~~~~~~~~~~~
<command-line>: note: this is the location of the previous definition
In file included from include/tasmota_options.h:23,
                 from <command-line>:
include/../tasmota/my_user_config.h:585:9: warning: 'USE_MULTICAL21' redefined
  585 | #define USE_MULTICAL21                           // Add support for Kamstrup Multical21 / FlowIQ wM-Bus (C1) water meter via CC1101 on hardware SPI (+5k code)
      |         ^~~~~~~~~~~~~~
<command-line>: note: this is the location of the previous definition
Compiling .pio\build\tasmota32s3-heltec-wmbus\lib097\BM8563\BM8563.cpp.o
In file included from include/tasmota_options.h:23,
                 from <command-line>:
include/../tasmota/my_user_config.h:585:9: warning: 'USE_MULTICAL21' redefined
  585 | #define USE_MULTICAL21                           // Add support for Kamstrup Multical21 / FlowIQ wM-Bus (C1) water meter via CC1101 on hardware SPI (+5k code)
      |         ^~~~~~~~~~~~~~
<command-line>: note: this is the location of the previous definition
In file included from include/tasmota_options.h:23,
                 from <command-line>:
include/../tasmota/my_user_config.h:585:9: warning: 'USE_MULTICAL21' redefined
  585 | #define USE_MULTICAL21                           // Add support for Kamstrup Multical21 / FlowIQ wM-Bus (C1) water meter via CC1101 on hardware SPI (+5k code)
      |         ^~~~~~~~~~~~~~
<command-line>: note: this is the location of the previous definition
In file included from include/tasmota_options.h:23,
                 from <command-line>:
include/../tasmota/my_user_config.h:585:9: warning: 'USE_MULTICAL21' redefined
  585 | #define USE_MULTICAL21                           // Add support for Kamstrup Multical21 / FlowIQ wM-Bus (C1) water meter via CC1101 on hardware SPI (+5k code)
      |         ^~~~~~~~~~~~~~
<command-line>: note: this is the location of the previous definition
In file included from include/tasmota_options.h:23,
                 from <command-line>:
include/../tasmota/my_user_config.h:585:9: warning: 'USE_MULTICAL21' redefined
  585 | #define USE_MULTICAL21                           // Add support for Kamstrup Multical21 / FlowIQ wM-Bus (C1) water meter via CC1101 on hardware SPI (+5k code)
      |         ^~~~~~~~~~~~~~
<command-line>: note: this is the location of the previous definition
In file included from include/tasmota_options.h:23,
                 from <command-line>:
include/../tasmota/my_user_config.h:585:9: warning: 'USE_MULTICAL21' redefined
  585 | #define USE_MULTICAL21                           // Add support for Kamstrup Multical21 / FlowIQ wM-Bus (C1) water meter via CC1101 on hardware SPI (+5k code)
      |         ^~~~~~~~~~~~~~
<command-line>: note: this is the location of the previous definition
In file included from include/tasmota_options.h:23,
                 from <command-line>:
include/../tasmota/my_user_config.h:585:9: warning: 'USE_MULTICAL21' redefined
  585 | #define USE_MULTICAL21                           // Add support for Kamstrup Multical21 / FlowIQ wM-Bus (C1) water meter via CC1101 on hardware SPI (+5k code)
      |         ^~~~~~~~~~~~~~
<command-line>: note: this is the location of the previous definition
In file included from include/tasmota_options.h:23,
                 from <command-line>:
include/../tasmota/my_user_config.h:585:9: warning: 'USE_MULTICAL21' redefined
  585 | #define USE_MULTICAL21                           // Add support for Kamstrup Multical21 / FlowIQ wM-Bus (C1) water meter via CC1101 on hardware SPI (+5k code)
      |         ^~~~~~~~~~~~~~
<command-line>: note: this is the location of the previous definition
Compiling .pio\build\tasmota32s3-heltec-wmbus\lib085\freetype\base\ftbase.c.o
Compiling .pio\build\tasmota32s3-heltec-wmbus\lib085\freetype\base\ftbbox.c.o
Compiling .pio\build\tasmota32s3-heltec-wmbus\lib085\freetype\base\ftbdf.c.o
Compiling .pio\build\tasmota32s3-heltec-wmbus\lib085\freetype\base\ftbitmap.c.o
Compiling .pio\build\tasmota32s3-heltec-wmbus\lib085\freetype\base\ftdebug.c.o
Compiling .pio\build\tasmota32s3-heltec-wmbus\lib085\freetype\base\ftglyph.c.o
Compiling .pio\build\tasmota32s3-heltec-wmbus\lib085\freetype\base\ftinit.c.o
Compiling .pio\build\tasmota32s3-heltec-wmbus\lib085\freetype\base\ftstroke.c.o
Compiling .pio\build\tasmota32s3-heltec-wmbus\lib085\freetype\base\ftsystem.c.o
Compiling .pio\build\tasmota32s3-heltec-wmbus\lib085\freetype\bdf\bdf.c.o
Compiling .pio\build\tasmota32s3-heltec-wmbus\lib085\freetype\cache\ftcache.c.o
Compiling .pio\build\tasmota32s3-heltec-wmbus\lib085\freetype\cff\cff.c.o
Compiling .pio\build\tasmota32s3-heltec-wmbus\lib085\freetype\sfnt\sfnt.c.o
Archiving .pio\build\tasmota32s3-heltec-wmbus\lib7e6\libberry_int64.a
Archiving .pio\build\tasmota32s3-heltec-wmbus\libd15\liblv_haspmota.a
Compiling .pio\build\tasmota32s3-heltec-wmbus\lib085\freetype\smooth\smooth.c.o
Compiling .pio\build\tasmota32s3-heltec-wmbus\lib085\freetype\truetype\truetype.c.o
Compiling .pio\build\tasmota32s3-heltec-wmbus\libd92\lvgl\core\lv_group.c.o
Compiling .pio\build\tasmota32s3-heltec-wmbus\libd92\lvgl\core\lv_obj.c.o
Compiling .pio\build\tasmota32s3-heltec-wmbus\libd92\lvgl\core\lv_obj_class.c.o
Archiving .pio\build\tasmota32s3-heltec-wmbus\libc39\libZip-readonly-FS.a
Compiling .pio\build\tasmota32s3-heltec-wmbus\libd92\lvgl\core\lv_obj_draw.c.o
Archiving .pio\build\tasmota32s3-heltec-wmbus\lib033\libLittleFS.a
Compiling .pio\build\tasmota32s3-heltec-wmbus\libd92\lvgl\core\lv_obj_event.c.o
Compiling .pio\build\tasmota32s3-heltec-wmbus\libd92\lvgl\core\lv_obj_id_builtin.c.o
Compiling .pio\build\tasmota32s3-heltec-wmbus\libd92\lvgl\core\lv_obj_pos.c.o
Compiling .pio\build\tasmota32s3-heltec-wmbus\libd92\lvgl\core\lv_obj_property.c.o
Compiling .pio\build\tasmota32s3-heltec-wmbus\libd92\lvgl\core\lv_obj_scroll.c.o
Compiling .pio\build\tasmota32s3-heltec-wmbus\libd92\lvgl\core\lv_obj_style.c.o
Compiling .pio\build\tasmota32s3-heltec-wmbus\libd92\lvgl\core\lv_obj_style_gen.c.o
Compiling .pio\build\tasmota32s3-heltec-wmbus\libd92\lvgl\core\lv_obj_tree.c.o
Compiling .pio\build\tasmota32s3-heltec-wmbus\libd92\lvgl\core\lv_observer.c.o
Compiling .pio\build\tasmota32s3-heltec-wmbus\libd92\lvgl\core\lv_refr.c.o
Compiling .pio\build\tasmota32s3-heltec-wmbus\libd92\lvgl\debugging\monkey\lv_monkey.c.o
Compiling .pio\build\tasmota32s3-heltec-wmbus\libd92\lvgl\debugging\sysmon\lv_sysmon.c.o
Compiling .pio\build\tasmota32s3-heltec-wmbus\libd92\lvgl\debugging\test\lv_test_display.c.o
Compiling .pio\build\tasmota32s3-heltec-wmbus\libd92\lvgl\debugging\test\lv_test_fs.c.o
Compiling .pio\build\tasmota32s3-heltec-wmbus\libd92\lvgl\debugging\test\lv_test_helpers.c.o
Compiling .pio\build\tasmota32s3-heltec-wmbus\libd92\lvgl\debugging\test\lv_test_indev.c.o
Compiling .pio\build\tasmota32s3-heltec-wmbus\libd92\lvgl\debugging\test\lv_test_indev_gesture.c.o
Compiling .pio\build\tasmota32s3-heltec-wmbus\libd92\lvgl\debugging\test\lv_test_screenshot_compare.c.o
Compiling .pio\build\tasmota32s3-heltec-wmbus\libd92\lvgl\debugging\vg_lite_tvg\vg_lite_matrix.c.o
Archiving .pio\build\tasmota32s3-heltec-wmbus\lib085\libfreetype.a
Archiving .pio\build\tasmota32s3-heltec-wmbus\lib097\libBM8563.a
Compiling .pio\build\tasmota32s3-heltec-wmbus\libd92\lvgl\debugging\vg_lite_tvg\vg_lite_tvg.cpp.o
Compiling .pio\build\tasmota32s3-heltec-wmbus\libd92\lvgl\display\lv_display.c.o
Compiling .pio\build\tasmota32s3-heltec-wmbus\libd92\lvgl\draw\convert\helium\lv_draw_buf_convert_helium.c.o
Compiling .pio\build\tasmota32s3-heltec-wmbus\libd92\lvgl\draw\convert\lv_draw_buf_convert.c.o
Compiling .pio\build\tasmota32s3-heltec-wmbus\libd92\lvgl\draw\convert\neon\lv_draw_buf_convert_neon.c.o
Compiling .pio\build\tasmota32s3-heltec-wmbus\libd92\lvgl\draw\dma2d\lv_draw_dma2d.c.o
Compiling .pio\build\tasmota32s3-heltec-wmbus\libd92\lvgl\draw\dma2d\lv_draw_dma2d_fill.c.o
Compiling .pio\build\tasmota32s3-heltec-wmbus\libd92\lvgl\draw\dma2d\lv_draw_dma2d_img.c.o
Compiling .pio\build\tasmota32s3-heltec-wmbus\libd92\lvgl\draw\espressif\ppa\lv_draw_ppa.c.o
Compiling .pio\build\tasmota32s3-heltec-wmbus\libd92\lvgl\draw\espressif\ppa\lv_draw_ppa_buf.c.o
Compiling .pio\build\tasmota32s3-heltec-wmbus\libd92\lvgl\draw\espressif\ppa\lv_draw_ppa_fill.c.o
Compiling .pio\build\tasmota32s3-heltec-wmbus\libd92\lvgl\draw\espressif\ppa\lv_draw_ppa_img.c.o
Compiling .pio\build\tasmota32s3-heltec-wmbus\libd92\lvgl\draw\eve\lv_draw_eve.c.o
Compiling .pio\build\tasmota32s3-heltec-wmbus\libd92\lvgl\draw\eve\lv_draw_eve_arc.c.o
Compiling .pio\build\tasmota32s3-heltec-wmbus\libd92\lvgl\draw\eve\lv_draw_eve_fill.c.o
Compiling .pio\build\tasmota32s3-heltec-wmbus\libd92\lvgl\draw\eve\lv_draw_eve_image.c.o
Compiling .pio\build\tasmota32s3-heltec-wmbus\libd92\lvgl\draw\eve\lv_draw_eve_letter.c.o
Compiling .pio\build\tasmota32s3-heltec-wmbus\libd92\lvgl\draw\eve\lv_draw_eve_line.c.o
Compiling .pio\build\tasmota32s3-heltec-wmbus\libd92\lvgl\draw\eve\lv_draw_eve_ram_g.c.o
Compiling .pio\build\tasmota32s3-heltec-wmbus\libd92\lvgl\draw\eve\lv_draw_eve_triangle.c.o
Compiling .pio\build\tasmota32s3-heltec-wmbus\libd92\lvgl\draw\eve\lv_eve.c.o
Compiling .pio\build\tasmota32s3-heltec-wmbus\libd92\lvgl\draw\lv_draw.c.o
Compiling .pio\build\tasmota32s3-heltec-wmbus\libd92\lvgl\draw\lv_draw_3d.c.o
Compiling .pio\build\tasmota32s3-heltec-wmbus\libd92\lvgl\draw\lv_draw_arc.c.o
Compiling .pio\build\tasmota32s3-heltec-wmbus\libd92\lvgl\draw\lv_draw_blur.c.o
Compiling .pio\build\tasmota32s3-heltec-wmbus\libd92\lvgl\draw\lv_draw_buf.c.o
Compiling .pio\build\tasmota32s3-heltec-wmbus\libd92\lvgl\draw\lv_draw_image.c.o
Compiling .pio\build\tasmota32s3-heltec-wmbus\libd92\lvgl\draw\lv_draw_label.c.o
Compiling .pio\build\tasmota32s3-heltec-wmbus\libd92\lvgl\draw\lv_draw_line.c.o
Compiling .pio\build\tasmota32s3-heltec-wmbus\libd92\lvgl\draw\lv_draw_mask.c.o
Compiling .pio\build\tasmota32s3-heltec-wmbus\libd92\lvgl\draw\lv_draw_rect.c.o
Compiling .pio\build\tasmota32s3-heltec-wmbus\libd92\lvgl\draw\lv_draw_triangle.c.o
Compiling .pio\build\tasmota32s3-heltec-wmbus\libd92\lvgl\draw\lv_draw_vector.c.o
Compiling .pio\build\tasmota32s3-heltec-wmbus\libd92\lvgl\draw\lv_image_decoder.c.o
Compiling .pio\build\tasmota32s3-heltec-wmbus\libd92\lvgl\draw\nanovg\lv_draw_nanovg.c.o
Archiving .pio\build\tasmota32s3-heltec-wmbus\lib8de\libberry_tasmota.a
Compiling .pio\build\tasmota32s3-heltec-wmbus\libd92\lvgl\draw\nanovg\lv_draw_nanovg_3d.c.o
Compiling .pio\build\tasmota32s3-heltec-wmbus\libd92\lvgl\draw\nanovg\lv_draw_nanovg_arc.c.o
Compiling .pio\build\tasmota32s3-heltec-wmbus\libd92\lvgl\draw\nanovg\lv_draw_nanovg_border.c.o
Compiling .pio\build\tasmota32s3-heltec-wmbus\libd92\lvgl\draw\nanovg\lv_draw_nanovg_box_shadow.c.o
Compiling .pio\build\tasmota32s3-heltec-wmbus\libd92\lvgl\draw\nanovg\lv_draw_nanovg_fill.c.o
Compiling .pio\build\tasmota32s3-heltec-wmbus\libd92\lvgl\draw\nanovg\lv_draw_nanovg_grad.c.o
Compiling .pio\build\tasmota32s3-heltec-wmbus\libd92\lvgl\draw\nanovg\lv_draw_nanovg_image.c.o
Compiling .pio\build\tasmota32s3-heltec-wmbus\libd92\lvgl\draw\nanovg\lv_draw_nanovg_label.c.o
Compiling .pio\build\tasmota32s3-heltec-wmbus\libd92\lvgl\draw\nanovg\lv_draw_nanovg_layer.c.o
Compiling .pio\build\tasmota32s3-heltec-wmbus\libd92\lvgl\draw\nanovg\lv_draw_nanovg_line.c.o
Compiling .pio\build\tasmota32s3-heltec-wmbus\libd92\lvgl\draw\nanovg\lv_draw_nanovg_mask_rect.c.o
Compiling .pio\build\tasmota32s3-heltec-wmbus\libd92\lvgl\draw\nanovg\lv_draw_nanovg_triangle.c.o
Compiling .pio\build\tasmota32s3-heltec-wmbus\libd92\lvgl\draw\nanovg\lv_draw_nanovg_vector.c.o
Compiling .pio\build\tasmota32s3-heltec-wmbus\libd92\lvgl\draw\nanovg\lv_nanovg_fbo_cache.c.o
Compiling .pio\build\tasmota32s3-heltec-wmbus\libd92\lvgl\draw\nanovg\lv_nanovg_image_cache.c.o
Compiling .pio\build\tasmota32s3-heltec-wmbus\libd92\lvgl\draw\nanovg\lv_nanovg_utils.c.o
Compiling .pio\build\tasmota32s3-heltec-wmbus\libd92\lvgl\draw\nema_gfx\lv_draw_nema_gfx.c.o
Compiling .pio\build\tasmota32s3-heltec-wmbus\libd92\lvgl\draw\nema_gfx\lv_draw_nema_gfx_arc.c.o
Compiling .pio\build\tasmota32s3-heltec-wmbus\libd92\lvgl\draw\nema_gfx\lv_draw_nema_gfx_border.c.o
Compiling .pio\build\tasmota32s3-heltec-wmbus\libd92\lvgl\draw\nema_gfx\lv_draw_nema_gfx_fill.c.o
Compiling .pio\build\tasmota32s3-heltec-wmbus\libd92\lvgl\draw\nema_gfx\lv_draw_nema_gfx_img.c.o
Compiling .pio\build\tasmota32s3-heltec-wmbus\libd92\lvgl\draw\nema_gfx\lv_draw_nema_gfx_label.c.o
Compiling .pio\build\tasmota32s3-heltec-wmbus\libd92\lvgl\draw\nema_gfx\lv_draw_nema_gfx_layer.c.o
Compiling .pio\build\tasmota32s3-heltec-wmbus\libd92\lvgl\draw\nema_gfx\lv_draw_nema_gfx_line.c.o
Compiling .pio\build\tasmota32s3-heltec-wmbus\libd92\lvgl\draw\nema_gfx\lv_draw_nema_gfx_stm32_hal.c.o
Compiling .pio\build\tasmota32s3-heltec-wmbus\libd92\lvgl\draw\nema_gfx\lv_draw_nema_gfx_triangle.c.o
Compiling .pio\build\tasmota32s3-heltec-wmbus\libd92\lvgl\draw\nema_gfx\lv_draw_nema_gfx_utils.c.o
Compiling .pio\build\tasmota32s3-heltec-wmbus\libd92\lvgl\draw\nema_gfx\lv_draw_nema_gfx_vector.c.o
Compiling .pio\build\tasmota32s3-heltec-wmbus\libd92\lvgl\draw\nema_gfx\lv_nema_gfx_path.c.o
Compiling .pio\build\tasmota32s3-heltec-wmbus\libd92\lvgl\draw\nxp\g2d\lv_draw_buf_g2d.c.o
Compiling .pio\build\tasmota32s3-heltec-wmbus\libd92\lvgl\draw\nxp\g2d\lv_draw_g2d.c.o
Compiling .pio\build\tasmota32s3-heltec-wmbus\libd92\lvgl\draw\nxp\g2d\lv_draw_g2d_fill.c.o
Compiling .pio\build\tasmota32s3-heltec-wmbus\libd92\lvgl\draw\nxp\g2d\lv_draw_g2d_img.c.o
Compiling .pio\build\tasmota32s3-heltec-wmbus\libd92\lvgl\draw\nxp\g2d\lv_g2d_buf_map.c.o
Compiling .pio\build\tasmota32s3-heltec-wmbus\libd92\lvgl\draw\nxp\g2d\lv_g2d_utils.c.o
Compiling .pio\build\tasmota32s3-heltec-wmbus\libd92\lvgl\draw\nxp\pxp\lv_draw_buf_pxp.c.o
Compiling .pio\build\tasmota32s3-heltec-wmbus\libd92\lvgl\draw\nxp\pxp\lv_draw_pxp.c.o
Compiling .pio\build\tasmota32s3-heltec-wmbus\libd92\lvgl\draw\nxp\pxp\lv_draw_pxp_fill.c.o
Compiling .pio\build\tasmota32s3-heltec-wmbus\libd92\lvgl\draw\nxp\pxp\lv_draw_pxp_img.c.o
Compiling .pio\build\tasmota32s3-heltec-wmbus\libd92\lvgl\draw\nxp\pxp\lv_draw_pxp_layer.c.o
Compiling .pio\build\tasmota32s3-heltec-wmbus\libd92\lvgl\draw\nxp\pxp\lv_pxp_cfg.c.o
Compiling .pio\build\tasmota32s3-heltec-wmbus\libd92\lvgl\draw\nxp\pxp\lv_pxp_osa.c.o
Compiling .pio\build\tasmota32s3-heltec-wmbus\libd92\lvgl\draw\nxp\pxp\lv_pxp_utils.c.o
Compiling .pio\build\tasmota32s3-heltec-wmbus\libd92\lvgl\draw\opengles\lv_draw_opengles.c.o
Compiling .pio\build\tasmota32s3-heltec-wmbus\libd92\lvgl\draw\renesas\dave2d\lv_draw_dave2d.c.o
Compiling .pio\build\tasmota32s3-heltec-wmbus\libd92\lvgl\draw\renesas\dave2d\lv_draw_dave2d_arc.c.o
Compiling .pio\build\tasmota32s3-heltec-wmbus\libd92\lvgl\draw\renesas\dave2d\lv_draw_dave2d_border.c.o
Compiling .pio\build\tasmota32s3-heltec-wmbus\libd92\lvgl\draw\renesas\dave2d\lv_draw_dave2d_fill.c.o
Compiling .pio\build\tasmota32s3-heltec-wmbus\libd92\lvgl\draw\renesas\dave2d\lv_draw_dave2d_image.c.o
Compiling .pio\build\tasmota32s3-heltec-wmbus\libd92\lvgl\draw\renesas\dave2d\lv_draw_dave2d_label.c.o
Compiling .pio\build\tasmota32s3-heltec-wmbus\libd92\lvgl\draw\renesas\dave2d\lv_draw_dave2d_line.c.o
Compiling .pio\build\tasmota32s3-heltec-wmbus\libd92\lvgl\draw\renesas\dave2d\lv_draw_dave2d_mask_rectangle.c.o
Compiling .pio\build\tasmota32s3-heltec-wmbus\libd92\lvgl\draw\renesas\dave2d\lv_draw_dave2d_triangle.c.o
Compiling .pio\build\tasmota32s3-heltec-wmbus\libd92\lvgl\draw\renesas\dave2d\lv_draw_dave2d_utils.c.o
Compiling .pio\build\tasmota32s3-heltec-wmbus\libd92\lvgl\draw\sdl\lv_draw_sdl.c.o
Compiling .pio\build\tasmota32s3-heltec-wmbus\libd92\lvgl\draw\snapshot\lv_snapshot.c.o
Compiling .pio\build\tasmota32s3-heltec-wmbus\libd92\lvgl\draw\sw\blend\helium\lv_blend_helium.S.o
Compiling .pio\build\tasmota32s3-heltec-wmbus\libd92\lvgl\draw\sw\blend\lv_draw_sw_blend.c.o
Compiling .pio\build\tasmota32s3-heltec-wmbus\libd92\lvgl\draw\sw\blend\lv_draw_sw_blend_to_a8.c.o
Compiling .pio\build\tasmota32s3-heltec-wmbus\libd92\lvgl\draw\sw\blend\lv_draw_sw_blend_to_al88.c.o
Compiling .pio\build\tasmota32s3-heltec-wmbus\libd92\lvgl\draw\sw\blend\lv_draw_sw_blend_to_argb8888.c.o
Compiling .pio\build\tasmota32s3-heltec-wmbus\libd92\lvgl\draw\sw\blend\lv_draw_sw_blend_to_argb8888_premultiplied.c.o
Compiling .pio\build\tasmota32s3-heltec-wmbus\libd92\lvgl\draw\sw\blend\lv_draw_sw_blend_to_i1.c.o
Compiling .pio\build\tasmota32s3-heltec-wmbus\libd92\lvgl\draw\sw\blend\lv_draw_sw_blend_to_l8.c.o
Compiling .pio\build\tasmota32s3-heltec-wmbus\libd92\lvgl\draw\sw\blend\lv_draw_sw_blend_to_rgb565.c.o
Compiling .pio\build\tasmota32s3-heltec-wmbus\libd92\lvgl\draw\sw\blend\lv_draw_sw_blend_to_rgb565_swapped.c.o
Compiling .pio\build\tasmota32s3-heltec-wmbus\libd92\lvgl\draw\sw\blend\lv_draw_sw_blend_to_rgb888.c.o
Compiling .pio\build\tasmota32s3-heltec-wmbus\libd92\lvgl\draw\sw\blend\neon\lv_draw_sw_blend_neon_to_rgb565.c.o
Compiling .pio\build\tasmota32s3-heltec-wmbus\libd92\lvgl\draw\sw\blend\neon\lv_draw_sw_blend_neon_to_rgb888.c.o
Compiling .pio\build\tasmota32s3-heltec-wmbus\libd92\lvgl\draw\sw\blend\riscv_v\lv_draw_sw_blend_riscv_v_to_rgb888.c.o
Compiling .pio\build\tasmota32s3-heltec-wmbus\libd92\lvgl\draw\sw\lv_draw_sw.c.o
Compiling .pio\build\tasmota32s3-heltec-wmbus\libd92\lvgl\draw\sw\lv_draw_sw_arc.c.o
Compiling .pio\build\tasmota32s3-heltec-wmbus\libd92\lvgl\draw\sw\lv_draw_sw_blur.c.o
Compiling .pio\build\tasmota32s3-heltec-wmbus\libd92\lvgl\draw\sw\lv_draw_sw_border.c.o
Compiling .pio\build\tasmota32s3-heltec-wmbus\libd92\lvgl\draw\sw\lv_draw_sw_box_shadow.c.o
Compiling .pio\build\tasmota32s3-heltec-wmbus\libd92\lvgl\draw\sw\lv_draw_sw_fill.c.o
Compiling .pio\build\tasmota32s3-heltec-wmbus\libd92\lvgl\draw\sw\lv_draw_sw_grad.c.o
Compiling .pio\build\tasmota32s3-heltec-wmbus\libd92\lvgl\draw\sw\lv_draw_sw_img.c.o
Compiling .pio\build\tasmota32s3-heltec-wmbus\libd92\lvgl\draw\sw\lv_draw_sw_letter.c.o
Compiling .pio\build\tasmota32s3-heltec-wmbus\libd92\lvgl\draw\sw\lv_draw_sw_line.c.o
Compiling .pio\build\tasmota32s3-heltec-wmbus\libd92\lvgl\draw\sw\lv_draw_sw_mask.c.o
Compiling .pio\build\tasmota32s3-heltec-wmbus\libd92\lvgl\draw\sw\lv_draw_sw_mask_rect.c.o
Compiling .pio\build\tasmota32s3-heltec-wmbus\libd92\lvgl\draw\sw\lv_draw_sw_transform.c.o
Compiling .pio\build\tasmota32s3-heltec-wmbus\libd92\lvgl\draw\sw\lv_draw_sw_triangle.c.o
Compiling .pio\build\tasmota32s3-heltec-wmbus\libd92\lvgl\draw\sw\lv_draw_sw_utils.c.o
Compiling .pio\build\tasmota32s3-heltec-wmbus\libd92\lvgl\draw\sw\lv_draw_sw_vector.c.o
Compiling .pio\build\tasmota32s3-heltec-wmbus\libd92\lvgl\draw\vg_lite\lv_draw_buf_vg_lite.c.o
Compiling .pio\build\tasmota32s3-heltec-wmbus\libd92\lvgl\draw\vg_lite\lv_draw_vg_lite.c.o
Compiling .pio\build\tasmota32s3-heltec-wmbus\libd92\lvgl\draw\vg_lite\lv_draw_vg_lite_arc.c.o
Compiling .pio\build\tasmota32s3-heltec-wmbus\libd92\lvgl\draw\vg_lite\lv_draw_vg_lite_border.c.o
Compiling .pio\build\tasmota32s3-heltec-wmbus\libd92\lvgl\draw\vg_lite\lv_draw_vg_lite_box_shadow.c.o
Compiling .pio\build\tasmota32s3-heltec-wmbus\libd92\lvgl\draw\vg_lite\lv_draw_vg_lite_fill.c.o
Compiling .pio\build\tasmota32s3-heltec-wmbus\libd92\lvgl\draw\vg_lite\lv_draw_vg_lite_img.c.o
Compiling .pio\build\tasmota32s3-heltec-wmbus\libd92\lvgl\draw\vg_lite\lv_draw_vg_lite_label.c.o
Compiling .pio\build\tasmota32s3-heltec-wmbus\libd92\lvgl\draw\vg_lite\lv_draw_vg_lite_layer.c.o
Compiling .pio\build\tasmota32s3-heltec-wmbus\libd92\lvgl\draw\vg_lite\lv_draw_vg_lite_line.c.o
Compiling .pio\build\tasmota32s3-heltec-wmbus\libd92\lvgl\draw\vg_lite\lv_draw_vg_lite_mask_rect.c.o
Compiling .pio\build\tasmota32s3-heltec-wmbus\libd92\lvgl\draw\vg_lite\lv_draw_vg_lite_triangle.c.o
Compiling .pio\build\tasmota32s3-heltec-wmbus\libd92\lvgl\draw\vg_lite\lv_draw_vg_lite_vector.c.o
Compiling .pio\build\tasmota32s3-heltec-wmbus\libd92\lvgl\draw\vg_lite\lv_vg_lite_bitmap_font_cache.c.o
Compiling .pio\build\tasmota32s3-heltec-wmbus\libd92\lvgl\draw\vg_lite\lv_vg_lite_decoder.c.o
Compiling .pio\build\tasmota32s3-heltec-wmbus\libd92\lvgl\draw\vg_lite\lv_vg_lite_grad.c.o
Compiling .pio\build\tasmota32s3-heltec-wmbus\libd92\lvgl\draw\vg_lite\lv_vg_lite_math.c.o
Compiling .pio\build\tasmota32s3-heltec-wmbus\libd92\lvgl\draw\vg_lite\lv_vg_lite_path.c.o
Compiling .pio\build\tasmota32s3-heltec-wmbus\libd92\lvgl\draw\vg_lite\lv_vg_lite_pending.c.o
Compiling .pio\build\tasmota32s3-heltec-wmbus\libd92\lvgl\draw\vg_lite\lv_vg_lite_stroke.c.o
Compiling .pio\build\tasmota32s3-heltec-wmbus\libd92\lvgl\draw\vg_lite\lv_vg_lite_utils.c.o
Compiling .pio\build\tasmota32s3-heltec-wmbus\libd92\lvgl\drivers\display\drm\lv_linux_drm.c.o
Compiling .pio\build\tasmota32s3-heltec-wmbus\libd92\lvgl\drivers\display\drm\lv_linux_drm_common.c.o
Compiling .pio\build\tasmota32s3-heltec-wmbus\libd92\lvgl\drivers\display\drm\lv_linux_drm_egl.c.o
Compiling .pio\build\tasmota32s3-heltec-wmbus\libd92\lvgl\drivers\display\fb\lv_linux_fbdev.c.o
Compiling .pio\build\tasmota32s3-heltec-wmbus\libd92\lvgl\drivers\display\ft81x\lv_ft81x.c.o
Compiling .pio\build\tasmota32s3-heltec-wmbus\libd92\lvgl\drivers\display\ili9341\lv_ili9341.c.o
Compiling .pio\build\tasmota32s3-heltec-wmbus\libd92\lvgl\drivers\display\lcd\lv_lcd_generic_mipi.c.o
Compiling .pio\build\tasmota32s3-heltec-wmbus\libd92\lvgl\drivers\display\lovyan_gfx\lv_lovyan_gfx.cpp.o
Compiling .pio\build\tasmota32s3-heltec-wmbus\libd92\lvgl\drivers\display\nv3007\lv_nv3007.c.o
Compiling .pio\build\tasmota32s3-heltec-wmbus\libd92\lvgl\drivers\display\nxp_elcdif\lv_nxp_elcdif.c.o
Compiling .pio\build\tasmota32s3-heltec-wmbus\libd92\lvgl\drivers\display\renesas_glcdc\lv_renesas_glcdc.c.o
Compiling .pio\build\tasmota32s3-heltec-wmbus\libd92\lvgl\drivers\display\st7735\lv_st7735.c.o
Compiling .pio\build\tasmota32s3-heltec-wmbus\libd92\lvgl\drivers\display\st7789\lv_st7789.c.o
Compiling .pio\build\tasmota32s3-heltec-wmbus\libd92\lvgl\drivers\display\st7796\lv_st7796.c.o
Compiling .pio\build\tasmota32s3-heltec-wmbus\libd92\lvgl\drivers\display\st_ltdc\lv_st_ltdc.c.o
Compiling .pio\build\tasmota32s3-heltec-wmbus\libd92\lvgl\drivers\display\tft_espi\lv_tft_espi.cpp.o
Compiling .pio\build\tasmota32s3-heltec-wmbus\libd92\lvgl\drivers\draw\eve\lv_draw_eve_display.c.o
Compiling .pio\build\tasmota32s3-heltec-wmbus\libd92\lvgl\drivers\evdev\lv_evdev.c.o
Compiling .pio\build\tasmota32s3-heltec-wmbus\libd92\lvgl\drivers\libinput\lv_libinput.c.o
Compiling .pio\build\tasmota32s3-heltec-wmbus\libd92\lvgl\drivers\libinput\lv_xkb.c.o
Compiling .pio\build\tasmota32s3-heltec-wmbus\libd92\lvgl\drivers\nuttx\lv_nuttx_cache.c.o
Compiling .pio\build\tasmota32s3-heltec-wmbus\libd92\lvgl\drivers\nuttx\lv_nuttx_entry.c.o
Compiling .pio\build\tasmota32s3-heltec-wmbus\libd92\lvgl\drivers\nuttx\lv_nuttx_fbdev.c.o
Compiling .pio\build\tasmota32s3-heltec-wmbus\libd92\lvgl\drivers\nuttx\lv_nuttx_image_cache.c.o
Compiling .pio\build\tasmota32s3-heltec-wmbus\libd92\lvgl\drivers\nuttx\lv_nuttx_lcd.c.o
Compiling .pio\build\tasmota32s3-heltec-wmbus\libd92\lvgl\drivers\nuttx\lv_nuttx_libuv.c.o
Compiling .pio\build\tasmota32s3-heltec-wmbus\libd92\lvgl\drivers\nuttx\lv_nuttx_mouse.c.o
Compiling .pio\build\tasmota32s3-heltec-wmbus\libd92\lvgl\drivers\nuttx\lv_nuttx_profiler.c.o
Compiling .pio\build\tasmota32s3-heltec-wmbus\libd92\lvgl\drivers\nuttx\lv_nuttx_touchscreen.c.o
Compiling .pio\build\tasmota32s3-heltec-wmbus\libd92\lvgl\drivers\opengles\assets\lv_opengles_shader.c.o
Compiling .pio\build\tasmota32s3-heltec-wmbus\libd92\lvgl\drivers\opengles\glad\src\egl.c.o
Compiling .pio\build\tasmota32s3-heltec-wmbus\libd92\lvgl\drivers\opengles\glad\src\gl.c.o
Compiling .pio\build\tasmota32s3-heltec-wmbus\libd92\lvgl\drivers\opengles\glad\src\gles2.c.o
Compiling .pio\build\tasmota32s3-heltec-wmbus\libd92\lvgl\drivers\opengles\lv_opengles_debug.c.o
Compiling .pio\build\tasmota32s3-heltec-wmbus\libd92\lvgl\drivers\opengles\lv_opengles_driver.c.o
Compiling .pio\build\tasmota32s3-heltec-wmbus\libd92\lvgl\drivers\opengles\lv_opengles_egl.c.o
Compiling .pio\build\tasmota32s3-heltec-wmbus\libd92\lvgl\drivers\opengles\lv_opengles_glfw.c.o
Compiling .pio\build\tasmota32s3-heltec-wmbus\libd92\lvgl\drivers\opengles\lv_opengles_texture.c.o
Compiling .pio\build\tasmota32s3-heltec-wmbus\libd92\lvgl\drivers\opengles\opengl_shader\lv_opengl_shader_manager.c.o
Compiling .pio\build\tasmota32s3-heltec-wmbus\libd92\lvgl\drivers\opengles\opengl_shader\lv_opengl_shader_program.c.o
Compiling .pio\build\tasmota32s3-heltec-wmbus\libd92\lvgl\drivers\qnx\lv_qnx.c.o
Compiling .pio\build\tasmota32s3-heltec-wmbus\libd92\lvgl\drivers\sdl\lv_sdl_egl.c.o
Compiling .pio\build\tasmota32s3-heltec-wmbus\libd92\lvgl\drivers\sdl\lv_sdl_keyboard.c.o
Compiling .pio\build\tasmota32s3-heltec-wmbus\libd92\lvgl\drivers\sdl\lv_sdl_mouse.c.o
Compiling .pio\build\tasmota32s3-heltec-wmbus\libd92\lvgl\drivers\sdl\lv_sdl_mousewheel.c.o
Compiling .pio\build\tasmota32s3-heltec-wmbus\libd92\lvgl\drivers\sdl\lv_sdl_sw.c.o
Compiling .pio\build\tasmota32s3-heltec-wmbus\libd92\lvgl\drivers\sdl\lv_sdl_texture.c.o
Compiling .pio\build\tasmota32s3-heltec-wmbus\libd92\lvgl\drivers\sdl\lv_sdl_window.c.o
Compiling .pio\build\tasmota32s3-heltec-wmbus\libd92\lvgl\drivers\uefi\lv_uefi_context.c.o
Compiling .pio\build\tasmota32s3-heltec-wmbus\libd92\lvgl\drivers\uefi\lv_uefi_display.c.o
Compiling .pio\build\tasmota32s3-heltec-wmbus\libd92\lvgl\drivers\uefi\lv_uefi_indev_keyboard.c.o
Compiling .pio\build\tasmota32s3-heltec-wmbus\libd92\lvgl\drivers\uefi\lv_uefi_indev_pointer.c.o
Compiling .pio\build\tasmota32s3-heltec-wmbus\libd92\lvgl\drivers\uefi\lv_uefi_indev_touch.c.o
Compiling .pio\build\tasmota32s3-heltec-wmbus\libd92\lvgl\drivers\uefi\lv_uefi_private.c.o
Compiling .pio\build\tasmota32s3-heltec-wmbus\libd92\lvgl\drivers\wayland\lv_wayland.c.o
Compiling .pio\build\tasmota32s3-heltec-wmbus\libd92\lvgl\drivers\wayland\lv_wl_egl_backend.c.o
Compiling .pio\build\tasmota32s3-heltec-wmbus\libd92\lvgl\drivers\wayland\lv_wl_g2d_backend.c.o
Compiling .pio\build\tasmota32s3-heltec-wmbus\libd92\lvgl\drivers\wayland\lv_wl_keyboard.c.o
Compiling .pio\build\tasmota32s3-heltec-wmbus\libd92\lvgl\drivers\wayland\lv_wl_pointer.c.o
Compiling .pio\build\tasmota32s3-heltec-wmbus\libd92\lvgl\drivers\wayland\lv_wl_seat.c.o
Compiling .pio\build\tasmota32s3-heltec-wmbus\libd92\lvgl\drivers\wayland\lv_wl_shm_backend.c.o
Compiling .pio\build\tasmota32s3-heltec-wmbus\libd92\lvgl\drivers\wayland\lv_wl_touch.c.o
Compiling .pio\build\tasmota32s3-heltec-wmbus\libd92\lvgl\drivers\wayland\lv_wl_window.c.o
Compiling .pio\build\tasmota32s3-heltec-wmbus\libd92\lvgl\drivers\wayland\lv_wl_xdg_shell.c.o
Compiling .pio\build\tasmota32s3-heltec-wmbus\libd92\lvgl\drivers\windows\lv_windows_context.c.o
Compiling .pio\build\tasmota32s3-heltec-wmbus\libd92\lvgl\drivers\windows\lv_windows_display.c.o
Compiling .pio\build\tasmota32s3-heltec-wmbus\libd92\lvgl\drivers\windows\lv_windows_input.c.o
Compiling .pio\build\tasmota32s3-heltec-wmbus\libd92\lvgl\drivers\x11\lv_x11_display.c.o
Compiling .pio\build\tasmota32s3-heltec-wmbus\libd92\lvgl\drivers\x11\lv_x11_input.c.o
Compiling .pio\build\tasmota32s3-heltec-wmbus\libd92\lvgl\font\binfont_loader\lv_binfont_loader.c.o
Compiling .pio\build\tasmota32s3-heltec-wmbus\libd92\lvgl\font\fmt_txt\lv_font_fmt_txt.c.o
Compiling .pio\build\tasmota32s3-heltec-wmbus\libd92\lvgl\font\font_manager\lv_font_manager.c.o
Compiling .pio\build\tasmota32s3-heltec-wmbus\libd92\lvgl\font\font_manager\lv_font_manager_recycle.c.o
Compiling .pio\build\tasmota32s3-heltec-wmbus\libd92\lvgl\font\imgfont\lv_imgfont.c.o
Compiling .pio\build\tasmota32s3-heltec-wmbus\libd92\lvgl\font\lv_font.c.o
Compiling .pio\build\tasmota32s3-heltec-wmbus\libd92\lvgl\font\lv_font_dejavu_16_persian_hebrew.c.o
Compiling .pio\build\tasmota32s3-heltec-wmbus\libd92\lvgl\font\lv_font_montserrat_10.c.o
Compiling .pio\build\tasmota32s3-heltec-wmbus\libd92\lvgl\font\lv_font_montserrat_12.c.o
Compiling .pio\build\tasmota32s3-heltec-wmbus\libd92\lvgl\font\lv_font_montserrat_14.c.o
Compiling .pio\build\tasmota32s3-heltec-wmbus\libd92\lvgl\font\lv_font_montserrat_14_aligned.c.o
Compiling .pio\build\tasmota32s3-heltec-wmbus\libd92\lvgl\font\lv_font_montserrat_16.c.o
Compiling .pio\build\tasmota32s3-heltec-wmbus\libd92\lvgl\font\lv_font_montserrat_18.c.o
Compiling .pio\build\tasmota32s3-heltec-wmbus\libd92\lvgl\font\lv_font_montserrat_20.c.o
Compiling .pio\build\tasmota32s3-heltec-wmbus\libd92\lvgl\font\lv_font_montserrat_22.c.o
Compiling .pio\build\tasmota32s3-heltec-wmbus\libd92\lvgl\font\lv_font_montserrat_24.c.o
Compiling .pio\build\tasmota32s3-heltec-wmbus\libd92\lvgl\font\lv_font_montserrat_26.c.o
Compiling .pio\build\tasmota32s3-heltec-wmbus\libd92\lvgl\font\lv_font_montserrat_28.c.o
Compiling .pio\build\tasmota32s3-heltec-wmbus\libd92\lvgl\font\lv_font_montserrat_28_compressed.c.o
Compiling .pio\build\tasmota32s3-heltec-wmbus\libd92\lvgl\font\lv_font_montserrat_30.c.o
Compiling .pio\build\tasmota32s3-heltec-wmbus\libd92\lvgl\font\lv_font_montserrat_32.c.o
Compiling .pio\build\tasmota32s3-heltec-wmbus\libd92\lvgl\font\lv_font_montserrat_34.c.o
Compiling .pio\build\tasmota32s3-heltec-wmbus\libd92\lvgl\font\lv_font_montserrat_36.c.o
Compiling .pio\build\tasmota32s3-heltec-wmbus\libd92\lvgl\font\lv_font_montserrat_38.c.o
Compiling .pio\build\tasmota32s3-heltec-wmbus\libd92\lvgl\font\lv_font_montserrat_40.c.o
Compiling .pio\build\tasmota32s3-heltec-wmbus\libd92\lvgl\font\lv_font_montserrat_42.c.o
Compiling .pio\build\tasmota32s3-heltec-wmbus\libd92\lvgl\font\lv_font_montserrat_44.c.o
Compiling .pio\build\tasmota32s3-heltec-wmbus\libd92\lvgl\font\lv_font_montserrat_46.c.o
Compiling .pio\build\tasmota32s3-heltec-wmbus\libd92\lvgl\font\lv_font_montserrat_48.c.o
Compiling .pio\build\tasmota32s3-heltec-wmbus\libd92\lvgl\font\lv_font_montserrat_8.c.o
Compiling .pio\build\tasmota32s3-heltec-wmbus\libd92\lvgl\font\lv_font_source_han_sans_sc_14_cjk.c.o
Compiling .pio\build\tasmota32s3-heltec-wmbus\libd92\lvgl\font\lv_font_source_han_sans_sc_16_cjk.c.o
Compiling .pio\build\tasmota32s3-heltec-wmbus\libd92\lvgl\font\lv_font_unscii_16.c.o
Compiling .pio\build\tasmota32s3-heltec-wmbus\libd92\lvgl\font\lv_font_unscii_8.c.o
Compiling .pio\build\tasmota32s3-heltec-wmbus\libd92\lvgl\indev\lv_gridnav.c.o
Compiling .pio\build\tasmota32s3-heltec-wmbus\libd92\lvgl\indev\lv_indev.c.o
Compiling .pio\build\tasmota32s3-heltec-wmbus\libd92\lvgl\indev\lv_indev_gesture.c.o
Compiling .pio\build\tasmota32s3-heltec-wmbus\libd92\lvgl\indev\lv_indev_scroll.c.o
Compiling .pio\build\tasmota32s3-heltec-wmbus\libd92\lvgl\layouts\flex\lv_flex.c.o
Compiling .pio\build\tasmota32s3-heltec-wmbus\libd92\lvgl\layouts\grid\lv_grid.c.o
Compiling .pio\build\tasmota32s3-heltec-wmbus\libd92\lvgl\layouts\lv_layout.c.o
Compiling .pio\build\tasmota32s3-heltec-wmbus\libd92\lvgl\libs\FT800-FT813\EVE_commands.c.o
Compiling .pio\build\tasmota32s3-heltec-wmbus\libd92\lvgl\libs\FT800-FT813\EVE_supplemental.c.o
Compiling .pio\build\tasmota32s3-heltec-wmbus\libd92\lvgl\libs\barcode\code128.c.o
Compiling .pio\build\tasmota32s3-heltec-wmbus\libd92\lvgl\libs\barcode\lv_barcode.c.o
Compiling .pio\build\tasmota32s3-heltec-wmbus\libd92\lvgl\libs\bin_decoder\lv_bin_decoder.c.o
Compiling .pio\build\tasmota32s3-heltec-wmbus\libd92\lvgl\libs\bmp\lv_bmp.c.o
Compiling .pio\build\tasmota32s3-heltec-wmbus\libd92\lvgl\libs\ffmpeg\lv_ffmpeg.c.o
Compiling .pio\build\tasmota32s3-heltec-wmbus\libd92\lvgl\libs\freetype\lv_freetype.c.o
Compiling .pio\build\tasmota32s3-heltec-wmbus\libd92\lvgl\libs\freetype\lv_freetype_glyph.c.o
Compiling .pio\build\tasmota32s3-heltec-wmbus\libd92\lvgl\libs\freetype\lv_freetype_image.c.o
Compiling .pio\build\tasmota32s3-heltec-wmbus\libd92\lvgl\libs\freetype\lv_freetype_outline.c.o
Compiling .pio\build\tasmota32s3-heltec-wmbus\libd92\lvgl\libs\freetype\lv_ftsystem.c.o
Compiling .pio\build\tasmota32s3-heltec-wmbus\libd92\lvgl\libs\frogfs\src\decomp_raw.c.o
Compiling .pio\build\tasmota32s3-heltec-wmbus\libd92\lvgl\libs\frogfs\src\frogfs.c.o
Compiling .pio\build\tasmota32s3-heltec-wmbus\libd92\lvgl\libs\fsdrv\lv_fs_arduino_esp_littlefs.cpp.o
Compiling .pio\build\tasmota32s3-heltec-wmbus\libd92\lvgl\libs\fsdrv\lv_fs_arduino_sd.cpp.o
Compiling .pio\build\tasmota32s3-heltec-wmbus\libd92\lvgl\libs\fsdrv\lv_fs_cbfs.c.o
Compiling .pio\build\tasmota32s3-heltec-wmbus\libd92\lvgl\libs\fsdrv\lv_fs_fatfs.c.o
Compiling .pio\build\tasmota32s3-heltec-wmbus\libd92\lvgl\libs\fsdrv\lv_fs_frogfs.c.o
Compiling .pio\build\tasmota32s3-heltec-wmbus\libd92\lvgl\libs\fsdrv\lv_fs_littlefs.c.o
Compiling .pio\build\tasmota32s3-heltec-wmbus\libd92\lvgl\libs\fsdrv\lv_fs_posix.c.o
Compiling .pio\build\tasmota32s3-heltec-wmbus\libd92\lvgl\libs\fsdrv\lv_fs_memfs.c.o
Compiling .pio\build\tasmota32s3-heltec-wmbus\libd92\lvgl\libs\fsdrv\lv_fs_stdio.c.o
Compiling .pio\build\tasmota32s3-heltec-wmbus\libd92\lvgl\libs\fsdrv\lv_fs_uefi.c.o
Compiling .pio\build\tasmota32s3-heltec-wmbus\libd92\lvgl\libs\fsdrv\lv_fs_win32.c.o
Compiling .pio\build\tasmota32s3-heltec-wmbus\libd92\lvgl\libs\gif\gif.c.o
Compiling .pio\build\tasmota32s3-heltec-wmbus\libd92\lvgl\libs\gltf\gltf_data\lv_gltf_data.cpp.o
Compiling .pio\build\tasmota32s3-heltec-wmbus\libd92\lvgl\libs\gltf\gltf_data\lv_gltf_data_animations.cpp.o
Compiling .pio\build\tasmota32s3-heltec-wmbus\libd92\lvgl\libs\gltf\gltf_data\lv_gltf_data_cache.cpp.o
Compiling .pio\build\tasmota32s3-heltec-wmbus\libd92\lvgl\libs\gltf\gltf_data\lv_gltf_data_injest.cpp.o
Compiling .pio\build\tasmota32s3-heltec-wmbus\libd92\lvgl\libs\gltf\gltf_data\lv_gltf_data_mesh.cpp.o
Compiling .pio\build\tasmota32s3-heltec-wmbus\libd92\lvgl\libs\gltf\gltf_data\lv_gltf_data_primitive.cpp.o
Compiling .pio\build\tasmota32s3-heltec-wmbus\libd92\lvgl\libs\gltf\gltf_data\lv_gltf_data_shader.cpp.o
Compiling .pio\build\tasmota32s3-heltec-wmbus\libd92\lvgl\libs\gltf\gltf_data\lv_gltf_data_skin.cpp.o
Compiling .pio\build\tasmota32s3-heltec-wmbus\libd92\lvgl\libs\gltf\gltf_data\lv_gltf_data_texture.cpp.o
Compiling .pio\build\tasmota32s3-heltec-wmbus\libd92\lvgl\libs\gltf\gltf_data\lv_gltf_model_node.cpp.o
Compiling .pio\build\tasmota32s3-heltec-wmbus\libd92\lvgl\libs\gltf\gltf_data\lv_gltf_uniform_locations.cpp.o
Compiling .pio\build\tasmota32s3-heltec-wmbus\libd92\lvgl\libs\gltf\gltf_environment\lv_gltf_ibl_sampler.c.o
Compiling .pio\build\tasmota32s3-heltec-wmbus\libd92\lvgl\libs\gltf\gltf_view\assets\chromatic.c.o
Compiling .pio\build\tasmota32s3-heltec-wmbus\libd92\lvgl\libs\gltf\gltf_view\assets\lv_gltf_view_shader.c.o
Compiling .pio\build\tasmota32s3-heltec-wmbus\libd92\lvgl\libs\gltf\gltf_view\lv_gltf_view.cpp.o
Compiling .pio\build\tasmota32s3-heltec-wmbus\libd92\lvgl\libs\gltf\gltf_view\lv_gltf_view_render.cpp.o
Compiling .pio\build\tasmota32s3-heltec-wmbus\libd92\lvgl\libs\gltf\gltf_view\lv_gltf_view_shader.cpp.o
Compiling .pio\build\tasmota32s3-heltec-wmbus\libd92\lvgl\libs\gltf\math\lv_3dmath.c.o
Compiling .pio\build\tasmota32s3-heltec-wmbus\libd92\lvgl\libs\gltf\math\lv_gltf_math.cpp.o
Compiling .pio\build\tasmota32s3-heltec-wmbus\libd92\lvgl\libs\gstreamer\lv_gstreamer.c.o
Compiling .pio\build\tasmota32s3-heltec-wmbus\libd92\lvgl\libs\libjpeg_turbo\lv_libjpeg_turbo.c.o
Compiling .pio\build\tasmota32s3-heltec-wmbus\libd92\lvgl\libs\libpng\lv_libpng.c.o
Compiling .pio\build\tasmota32s3-heltec-wmbus\libd92\lvgl\libs\libwebp\lv_libwebp.c.o
Compiling .pio\build\tasmota32s3-heltec-wmbus\libd92\lvgl\libs\lodepng\lodepng.c.o
Compiling .pio\build\tasmota32s3-heltec-wmbus\libd92\lvgl\libs\lodepng\lv_lodepng.c.o
Compiling .pio\build\tasmota32s3-heltec-wmbus\libd92\lvgl\libs\lz4\lz4.c.o
Compiling .pio\build\tasmota32s3-heltec-wmbus\libd92\lvgl\libs\nanovg\nanovg.c.o
Compiling .pio\build\tasmota32s3-heltec-wmbus\libd92\lvgl\libs\qrcode\lv_qrcode.c.o
Compiling .pio\build\tasmota32s3-heltec-wmbus\libd92\lvgl\libs\qrcode\qrcodegen.c.o
Compiling .pio\build\tasmota32s3-heltec-wmbus\libd92\lvgl\libs\rle\lv_rle.c.o
Compiling .pio\build\tasmota32s3-heltec-wmbus\libd92\lvgl\libs\rlottie\lv_rlottie.c.o
Compiling .pio\build\tasmota32s3-heltec-wmbus\libd92\lvgl\libs\svg\lv_svg.c.o
Compiling .pio\build\tasmota32s3-heltec-wmbus\libd92\lvgl\libs\svg\lv_svg_decoder.c.o
Compiling .pio\build\tasmota32s3-heltec-wmbus\libd92\lvgl\libs\svg\lv_svg_parser.c.o
Compiling .pio\build\tasmota32s3-heltec-wmbus\libd92\lvgl\libs\svg\lv_svg_render.c.o
Compiling .pio\build\tasmota32s3-heltec-wmbus\libd92\lvgl\libs\svg\lv_svg_token.c.o
Compiling .pio\build\tasmota32s3-heltec-wmbus\libd92\lvgl\libs\thorvg\tvgAccessor.cpp.o
Compiling .pio\build\tasmota32s3-heltec-wmbus\libd92\lvgl\libs\thorvg\tvgAnimation.cpp.o
Compiling .pio\build\tasmota32s3-heltec-wmbus\libd92\lvgl\libs\thorvg\tvgCanvas.cpp.o
Compiling .pio\build\tasmota32s3-heltec-wmbus\libd92\lvgl\libs\thorvg\tvgCapi.cpp.o
Compiling .pio\build\tasmota32s3-heltec-wmbus\libd92\lvgl\libs\thorvg\tvgCompressor.cpp.o
Compiling .pio\build\tasmota32s3-heltec-wmbus\libd92\lvgl\libs\thorvg\tvgFill.cpp.o
Compiling .pio\build\tasmota32s3-heltec-wmbus\libd92\lvgl\libs\thorvg\tvgGlCanvas.cpp.o
Compiling .pio\build\tasmota32s3-heltec-wmbus\libd92\lvgl\libs\thorvg\tvgInitializer.cpp.o
Compiling .pio\build\tasmota32s3-heltec-wmbus\libd92\lvgl\libs\thorvg\tvgLoader.cpp.o
Compiling .pio\build\tasmota32s3-heltec-wmbus\libd92\lvgl\libs\thorvg\tvgLottieAnimation.cpp.o
Compiling .pio\build\tasmota32s3-heltec-wmbus\libd92\lvgl\libs\thorvg\tvgLottieBuilder.cpp.o
Compiling .pio\build\tasmota32s3-heltec-wmbus\libd92\lvgl\libs\thorvg\tvgLottieExpressions.cpp.o
Compiling .pio\build\tasmota32s3-heltec-wmbus\libd92\lvgl\libs\thorvg\tvgLottieInterpolator.cpp.o
Compiling .pio\build\tasmota32s3-heltec-wmbus\libd92\lvgl\libs\thorvg\tvgLottieLoader.cpp.o
Compiling .pio\build\tasmota32s3-heltec-wmbus\libd92\lvgl\libs\thorvg\tvgLottieModel.cpp.o
Compiling .pio\build\tasmota32s3-heltec-wmbus\libd92\lvgl\libs\thorvg\tvgLottieModifier.cpp.o
Compiling .pio\build\tasmota32s3-heltec-wmbus\libd92\lvgl\libs\thorvg\tvgLottieParser.cpp.o
Compiling .pio\build\tasmota32s3-heltec-wmbus\libd92\lvgl\libs\thorvg\tvgLottieParserHandler.cpp.o
Compiling .pio\build\tasmota32s3-heltec-wmbus\libd92\lvgl\libs\thorvg\tvgMath.cpp.o
Compiling .pio\build\tasmota32s3-heltec-wmbus\libd92\lvgl\libs\thorvg\tvgPaint.cpp.o
Compiling .pio\build\tasmota32s3-heltec-wmbus\libd92\lvgl\libs\thorvg\tvgPicture.cpp.o
Compiling .pio\build\tasmota32s3-heltec-wmbus\libd92\lvgl\libs\thorvg\tvgRawLoader.cpp.o
Compiling .pio\build\tasmota32s3-heltec-wmbus\libd92\lvgl\libs\thorvg\tvgRender.cpp.o
Compiling .pio\build\tasmota32s3-heltec-wmbus\libd92\lvgl\libs\thorvg\tvgSaver.cpp.o
Compiling .pio\build\tasmota32s3-heltec-wmbus\libd92\lvgl\libs\thorvg\tvgScene.cpp.o
Compiling .pio\build\tasmota32s3-heltec-wmbus\libd92\lvgl\libs\thorvg\tvgShape.cpp.o
Compiling .pio\build\tasmota32s3-heltec-wmbus\libd92\lvgl\libs\thorvg\tvgStr.cpp.o
Compiling .pio\build\tasmota32s3-heltec-wmbus\libd92\lvgl\libs\thorvg\tvgSvgCssStyle.cpp.o
Compiling .pio\build\tasmota32s3-heltec-wmbus\libd92\lvgl\libs\thorvg\tvgSvgLoader.cpp.o
Compiling .pio\build\tasmota32s3-heltec-wmbus\libd92\lvgl\libs\thorvg\tvgSvgPath.cpp.o
Compiling .pio\build\tasmota32s3-heltec-wmbus\libd92\lvgl\libs\thorvg\tvgSvgSceneBuilder.cpp.o
Compiling .pio\build\tasmota32s3-heltec-wmbus\libd92\lvgl\libs\thorvg\tvgSvgUtil.cpp.o
Compiling .pio\build\tasmota32s3-heltec-wmbus\libd92\lvgl\libs\thorvg\tvgSwCanvas.cpp.o
Compiling .pio\build\tasmota32s3-heltec-wmbus\libd92\lvgl\libs\thorvg\tvgSwFill.cpp.o
Compiling .pio\build\tasmota32s3-heltec-wmbus\libd92\lvgl\libs\thorvg\tvgSwImage.cpp.o
Compiling .pio\build\tasmota32s3-heltec-wmbus\libd92\lvgl\libs\thorvg\tvgSwMath.cpp.o
Compiling .pio\build\tasmota32s3-heltec-wmbus\libd92\lvgl\libs\thorvg\tvgSwMemPool.cpp.o
Compiling .pio\build\tasmota32s3-heltec-wmbus\libd92\lvgl\libs\thorvg\tvgSwPostEffect.cpp.o
Compiling .pio\build\tasmota32s3-heltec-wmbus\libd92\lvgl\libs\thorvg\tvgSwRaster.cpp.o
Compiling .pio\build\tasmota32s3-heltec-wmbus\libd92\lvgl\libs\thorvg\tvgSwRenderer.cpp.o
Compiling .pio\build\tasmota32s3-heltec-wmbus\libd92\lvgl\libs\thorvg\tvgSwRle.cpp.o
Compiling .pio\build\tasmota32s3-heltec-wmbus\libd92\lvgl\libs\thorvg\tvgSwShape.cpp.o
Compiling .pio\build\tasmota32s3-heltec-wmbus\libd92\lvgl\libs\thorvg\tvgSwStroke.cpp.o
Compiling .pio\build\tasmota32s3-heltec-wmbus\libd92\lvgl\libs\thorvg\tvgTaskScheduler.cpp.o
Compiling .pio\build\tasmota32s3-heltec-wmbus\libd92\lvgl\libs\thorvg\tvgText.cpp.o
Compiling .pio\build\tasmota32s3-heltec-wmbus\libd92\lvgl\libs\thorvg\tvgWgCanvas.cpp.o
Compiling .pio\build\tasmota32s3-heltec-wmbus\libd92\lvgl\libs\thorvg\tvgXmlParser.cpp.o
Compiling .pio\build\tasmota32s3-heltec-wmbus\libd92\lvgl\libs\tiny_ttf\lv_tiny_ttf.c.o
Compiling .pio\build\tasmota32s3-heltec-wmbus\libd92\lvgl\libs\tjpgd\lv_tjpgd.c.o
Compiling .pio\build\tasmota32s3-heltec-wmbus\libd92\lvgl\libs\tjpgd\tjpgd.c.o
Compiling .pio\build\tasmota32s3-heltec-wmbus\libd92\lvgl\libs\vg_lite_driver\VGLiteKernel\vg_lite_kernel.c.o
Compiling .pio\build\tasmota32s3-heltec-wmbus\libd92\lvgl\libs\vg_lite_driver\VGLite\vg_lite.c.o
Compiling .pio\build\tasmota32s3-heltec-wmbus\libd92\lvgl\libs\vg_lite_driver\VGLite\vg_lite_image.c.o
Compiling .pio\build\tasmota32s3-heltec-wmbus\libd92\lvgl\libs\vg_lite_driver\VGLite\vg_lite_matrix.c.o
Compiling .pio\build\tasmota32s3-heltec-wmbus\libd92\lvgl\libs\vg_lite_driver\VGLite\vg_lite_path.c.o
Compiling .pio\build\tasmota32s3-heltec-wmbus\libd92\lvgl\libs\vg_lite_driver\VGLite\vg_lite_stroke.c.o
Compiling .pio\build\tasmota32s3-heltec-wmbus\libd92\lvgl\libs\vg_lite_driver\lv_vg_lite_hal\lv_vg_lite_hal.c.o
Compiling .pio\build\tasmota32s3-heltec-wmbus\libd92\lvgl\libs\vg_lite_driver\lv_vg_lite_hal\vg_lite_os.c.o
Compiling .pio\build\tasmota32s3-heltec-wmbus\libd92\lvgl\lv_init.c.o
Compiling .pio\build\tasmota32s3-heltec-wmbus\libd92\lvgl\misc\cache\class\lv_cache_lru_ll.c.o
Compiling .pio\build\tasmota32s3-heltec-wmbus\libd92\lvgl\misc\cache\class\lv_cache_lru_rb.c.o
Compiling .pio\build\tasmota32s3-heltec-wmbus\libd92\lvgl\misc\cache\class\lv_cache_sc_da.c.o
Compiling .pio\build\tasmota32s3-heltec-wmbus\libd92\lvgl\misc\cache\instance\lv_image_cache.c.o
Compiling .pio\build\tasmota32s3-heltec-wmbus\libd92\lvgl\misc\cache\instance\lv_image_header_cache.c.o
Compiling .pio\build\tasmota32s3-heltec-wmbus\libd92\lvgl\misc\cache\lv_cache.c.o
Compiling .pio\build\tasmota32s3-heltec-wmbus\libd92\lvgl\misc\cache\lv_cache_entry.c.o
Compiling .pio\build\tasmota32s3-heltec-wmbus\libd92\lvgl\misc\lv_anim.c.o
Compiling .pio\build\tasmota32s3-heltec-wmbus\libd92\lvgl\misc\lv_anim_timeline.c.o
Compiling .pio\build\tasmota32s3-heltec-wmbus\libd92\lvgl\misc\lv_area.c.o
Compiling .pio\build\tasmota32s3-heltec-wmbus\libd92\lvgl\misc\lv_array.c.o
Compiling .pio\build\tasmota32s3-heltec-wmbus\libd92\lvgl\misc\lv_bidi.c.o
Compiling .pio\build\tasmota32s3-heltec-wmbus\libd92\lvgl\misc\lv_async.c.o
Compiling .pio\build\tasmota32s3-heltec-wmbus\libd92\lvgl\misc\lv_circle_buf.c.o
Compiling .pio\build\tasmota32s3-heltec-wmbus\libd92\lvgl\misc\lv_color.c.o
Compiling .pio\build\tasmota32s3-heltec-wmbus\libd92\lvgl\misc\lv_color_op.c.o
Compiling .pio\build\tasmota32s3-heltec-wmbus\libd92\lvgl\misc\lv_event.c.o
Compiling .pio\build\tasmota32s3-heltec-wmbus\libd92\lvgl\misc\lv_fs.c.o
Compiling .pio\build\tasmota32s3-heltec-wmbus\libd92\lvgl\misc\lv_grad.c.o
Compiling .pio\build\tasmota32s3-heltec-wmbus\libd92\lvgl\misc\lv_iter.c.o
Compiling .pio\build\tasmota32s3-heltec-wmbus\libd92\lvgl\misc\lv_ll.c.o
Compiling .pio\build\tasmota32s3-heltec-wmbus\libd92\lvgl\misc\lv_log.c.o
Compiling .pio\build\tasmota32s3-heltec-wmbus\libd92\lvgl\misc\lv_lru.c.o
Compiling .pio\build\tasmota32s3-heltec-wmbus\libd92\lvgl\misc\lv_math.c.o
Compiling .pio\build\tasmota32s3-heltec-wmbus\libd92\lvgl\misc\lv_matrix.c.o
Compiling .pio\build\tasmota32s3-heltec-wmbus\libd92\lvgl\misc\lv_palette.c.o
Compiling .pio\build\tasmota32s3-heltec-wmbus\libd92\lvgl\misc\lv_pending.c.o
Compiling .pio\build\tasmota32s3-heltec-wmbus\libd92\lvgl\misc\lv_profiler_builtin.c.o
Compiling .pio\build\tasmota32s3-heltec-wmbus\libd92\lvgl\misc\lv_profiler_builtin_posix.c.o
Compiling .pio\build\tasmota32s3-heltec-wmbus\libd92\lvgl\misc\lv_rb.c.o
Compiling .pio\build\tasmota32s3-heltec-wmbus\libd92\lvgl\misc\lv_style.c.o
Compiling .pio\build\tasmota32s3-heltec-wmbus\libd92\lvgl\misc\lv_style_gen.c.o
Compiling .pio\build\tasmota32s3-heltec-wmbus\libd92\lvgl\misc\lv_templ.c.o
Compiling .pio\build\tasmota32s3-heltec-wmbus\libd92\lvgl\misc\lv_text.c.o
Compiling .pio\build\tasmota32s3-heltec-wmbus\libd92\lvgl\misc\lv_text_ap.c.o
Compiling .pio\build\tasmota32s3-heltec-wmbus\libd92\lvgl\misc\lv_timer.c.o
Compiling .pio\build\tasmota32s3-heltec-wmbus\libd92\lvgl\misc\lv_tree.c.o
Compiling .pio\build\tasmota32s3-heltec-wmbus\libd92\lvgl\misc\lv_utils.c.o
Compiling .pio\build\tasmota32s3-heltec-wmbus\libd92\lvgl\osal\lv_cmsis_rtos2.c.o
Compiling .pio\build\tasmota32s3-heltec-wmbus\libd92\lvgl\osal\lv_freertos.c.o
Compiling .pio\build\tasmota32s3-heltec-wmbus\libd92\lvgl\osal\lv_linux.c.o
Compiling .pio\build\tasmota32s3-heltec-wmbus\libd92\lvgl\osal\lv_mqx.c.o
Compiling .pio\build\tasmota32s3-heltec-wmbus\libd92\lvgl\osal\lv_os.c.o
Compiling .pio\build\tasmota32s3-heltec-wmbus\libd92\lvgl\osal\lv_os_none.c.o
Compiling .pio\build\tasmota32s3-heltec-wmbus\libd92\lvgl\osal\lv_pthread.c.o
Compiling .pio\build\tasmota32s3-heltec-wmbus\libd92\lvgl\osal\lv_rtthread.c.o
Compiling .pio\build\tasmota32s3-heltec-wmbus\libd92\lvgl\osal\lv_sdl2.c.o
Compiling .pio\build\tasmota32s3-heltec-wmbus\libd92\lvgl\osal\lv_windows.c.o
Compiling .pio\build\tasmota32s3-heltec-wmbus\libd92\lvgl\others\file_explorer\lv_file_explorer.c.o
Compiling .pio\build\tasmota32s3-heltec-wmbus\libd92\lvgl\others\fragment\lv_fragment.c.o
Compiling .pio\build\tasmota32s3-heltec-wmbus\libd92\lvgl\others\fragment\lv_fragment_manager.c.o
Compiling .pio\build\tasmota32s3-heltec-wmbus\libd92\lvgl\others\translation\lv_translation.c.o
Compiling .pio\build\tasmota32s3-heltec-wmbus\libd92\lvgl\stdlib\builtin\lv_mem_core_builtin.c.o
Compiling .pio\build\tasmota32s3-heltec-wmbus\libd92\lvgl\stdlib\builtin\lv_sprintf_builtin.c.o
Compiling .pio\build\tasmota32s3-heltec-wmbus\libd92\lvgl\stdlib\builtin\lv_string_builtin.c.o
Compiling .pio\build\tasmota32s3-heltec-wmbus\libd92\lvgl\stdlib\builtin\lv_tlsf.c.o
Compiling .pio\build\tasmota32s3-heltec-wmbus\libd92\lvgl\stdlib\clib\lv_mem_core_clib.c.o
Compiling .pio\build\tasmota32s3-heltec-wmbus\libd92\lvgl\stdlib\clib\lv_sprintf_clib.c.o
Compiling .pio\build\tasmota32s3-heltec-wmbus\libd92\lvgl\stdlib\clib\lv_string_clib.c.o
Compiling .pio\build\tasmota32s3-heltec-wmbus\libd92\lvgl\stdlib\lv_mem.c.o
Compiling .pio\build\tasmota32s3-heltec-wmbus\libd92\lvgl\stdlib\micropython\lv_mem_core_micropython.c.o
Compiling .pio\build\tasmota32s3-heltec-wmbus\libd92\lvgl\stdlib\rtthread\lv_mem_core_rtthread.c.o
Compiling .pio\build\tasmota32s3-heltec-wmbus\libd92\lvgl\stdlib\rtthread\lv_sprintf_rtthread.c.o
Compiling .pio\build\tasmota32s3-heltec-wmbus\libd92\lvgl\stdlib\rtthread\lv_string_rtthread.c.o
Compiling .pio\build\tasmota32s3-heltec-wmbus\libd92\lvgl\stdlib\uefi\lv_mem_core_uefi.c.o
Compiling .pio\build\tasmota32s3-heltec-wmbus\libd92\lvgl\themes\default\lv_theme_default.c.o
Compiling .pio\build\tasmota32s3-heltec-wmbus\libd92\lvgl\themes\lv_theme.c.o
Compiling .pio\build\tasmota32s3-heltec-wmbus\libd92\lvgl\themes\mono\lv_theme_mono.c.o
Compiling .pio\build\tasmota32s3-heltec-wmbus\libd92\lvgl\themes\simple\lv_theme_simple.c.o
Compiling .pio\build\tasmota32s3-heltec-wmbus\libd92\lvgl\tick\lv_tick.c.o
Compiling .pio\build\tasmota32s3-heltec-wmbus\libd92\lvgl\widgets\3dtexture\lv_3dtexture.c.o
Compiling .pio\build\tasmota32s3-heltec-wmbus\libd92\lvgl\widgets\animimage\lv_animimage.c.o
Compiling .pio\build\tasmota32s3-heltec-wmbus\libd92\lvgl\widgets\arc\lv_arc.c.o
Compiling .pio\build\tasmota32s3-heltec-wmbus\libd92\lvgl\widgets\arclabel\lv_arclabel.c.o
Compiling .pio\build\tasmota32s3-heltec-wmbus\libd92\lvgl\widgets\bar\lv_bar.c.o
Compiling .pio\build\tasmota32s3-heltec-wmbus\libd92\lvgl\widgets\button\lv_button.c.o
Compiling .pio\build\tasmota32s3-heltec-wmbus\libd92\lvgl\widgets\buttonmatrix\lv_buttonmatrix.c.o
Compiling .pio\build\tasmota32s3-heltec-wmbus\libd92\lvgl\widgets\calendar\lv_calendar.c.o
Compiling .pio\build\tasmota32s3-heltec-wmbus\libd92\lvgl\widgets\calendar\lv_calendar_chinese.c.o
Compiling .pio\build\tasmota32s3-heltec-wmbus\libd92\lvgl\widgets\calendar\lv_calendar_header_arrow.c.o
Compiling .pio\build\tasmota32s3-heltec-wmbus\libd92\lvgl\widgets\calendar\lv_calendar_header_dropdown.c.o
Compiling .pio\build\tasmota32s3-heltec-wmbus\libd92\lvgl\widgets\canvas\lv_canvas.c.o
Compiling .pio\build\tasmota32s3-heltec-wmbus\libd92\lvgl\widgets\chart\lv_chart.c.o
Compiling .pio\build\tasmota32s3-heltec-wmbus\libd92\lvgl\widgets\checkbox\lv_checkbox.c.o
Compiling .pio\build\tasmota32s3-heltec-wmbus\libd92\lvgl\widgets\dropdown\lv_dropdown.c.o
Compiling .pio\build\tasmota32s3-heltec-wmbus\libd92\lvgl\widgets\gif\lv_gif.c.o
Compiling .pio\build\tasmota32s3-heltec-wmbus\libd92\lvgl\widgets\image\lv_image.c.o
Compiling .pio\build\tasmota32s3-heltec-wmbus\libd92\lvgl\widgets\imagebutton\lv_imagebutton.c.o
Compiling .pio\build\tasmota32s3-heltec-wmbus\libd92\lvgl\widgets\ime\lv_ime_pinyin.c.o
Compiling .pio\build\tasmota32s3-heltec-wmbus\libd92\lvgl\widgets\keyboard\lv_keyboard.c.o
Compiling .pio\build\tasmota32s3-heltec-wmbus\libd92\lvgl\widgets\label\lv_label.c.o
Compiling .pio\build\tasmota32s3-heltec-wmbus\libd92\lvgl\widgets\led\lv_led.c.o
Compiling .pio\build\tasmota32s3-heltec-wmbus\libd92\lvgl\widgets\line\lv_line.c.o
Compiling .pio\build\tasmota32s3-heltec-wmbus\libd92\lvgl\widgets\list\lv_list.c.o
Compiling .pio\build\tasmota32s3-heltec-wmbus\libd92\lvgl\widgets\lottie\lv_lottie.c.o
Compiling .pio\build\tasmota32s3-heltec-wmbus\libd92\lvgl\widgets\menu\lv_menu.c.o
Compiling .pio\build\tasmota32s3-heltec-wmbus\libd92\lvgl\widgets\msgbox\lv_msgbox.c.o
Compiling .pio\build\tasmota32s3-heltec-wmbus\libd92\lvgl\widgets\objx_templ\lv_objx_templ.c.o
Compiling .pio\build\tasmota32s3-heltec-wmbus\libd92\lvgl\widgets\property\lv_animimage_properties.c.o
Compiling .pio\build\tasmota32s3-heltec-wmbus\libd92\lvgl\widgets\property\lv_arc_properties.c.o
Compiling .pio\build\tasmota32s3-heltec-wmbus\libd92\lvgl\widgets\property\lv_bar_properties.c.o
Compiling .pio\build\tasmota32s3-heltec-wmbus\libd92\lvgl\widgets\property\lv_buttonmatrix_properties.c.o
Compiling .pio\build\tasmota32s3-heltec-wmbus\libd92\lvgl\widgets\property\lv_chart_properties.c.o
Compiling .pio\build\tasmota32s3-heltec-wmbus\libd92\lvgl\widgets\property\lv_checkbox_properties.c.o
Compiling .pio\build\tasmota32s3-heltec-wmbus\libd92\lvgl\widgets\property\lv_dropdown_properties.c.o
Compiling .pio\build\tasmota32s3-heltec-wmbus\libd92\lvgl\widgets\property\lv_image_properties.c.o
Compiling .pio\build\tasmota32s3-heltec-wmbus\libd92\lvgl\widgets\property\lv_keyboard_properties.c.o
Compiling .pio\build\tasmota32s3-heltec-wmbus\libd92\lvgl\widgets\property\lv_label_properties.c.o
Compiling .pio\build\tasmota32s3-heltec-wmbus\libd92\lvgl\widgets\property\lv_led_properties.c.o
Compiling .pio\build\tasmota32s3-heltec-wmbus\libd92\lvgl\widgets\property\lv_line_properties.c.o
Compiling .pio\build\tasmota32s3-heltec-wmbus\libd92\lvgl\widgets\property\lv_menu_properties.c.o
Compiling .pio\build\tasmota32s3-heltec-wmbus\libd92\lvgl\widgets\property\lv_obj_properties.c.o
Compiling .pio\build\tasmota32s3-heltec-wmbus\libd92\lvgl\widgets\property\lv_roller_properties.c.o
Compiling .pio\build\tasmota32s3-heltec-wmbus\libd92\lvgl\widgets\property\lv_scale_properties.c.o
Compiling .pio\build\tasmota32s3-heltec-wmbus\libd92\lvgl\widgets\property\lv_slider_properties.c.o
Compiling .pio\build\tasmota32s3-heltec-wmbus\libd92\lvgl\widgets\property\lv_span_properties.c.o
Compiling .pio\build\tasmota32s3-heltec-wmbus\libd92\lvgl\widgets\property\lv_spinbox_properties.c.o
Compiling .pio\build\tasmota32s3-heltec-wmbus\libd92\lvgl\widgets\property\lv_spinner_properties.c.o
Compiling .pio\build\tasmota32s3-heltec-wmbus\libd92\lvgl\widgets\property\lv_style_properties.c.o
Compiling .pio\build\tasmota32s3-heltec-wmbus\libd92\lvgl\widgets\property\lv_switch_properties.c.o
Compiling .pio\build\tasmota32s3-heltec-wmbus\libd92\lvgl\widgets\property\lv_table_properties.c.o
Compiling .pio\build\tasmota32s3-heltec-wmbus\libd92\lvgl\widgets\property\lv_tabview_properties.c.o
Compiling .pio\build\tasmota32s3-heltec-wmbus\libd92\lvgl\widgets\property\lv_textarea_properties.c.o
Compiling .pio\build\tasmota32s3-heltec-wmbus\libd92\lvgl\widgets\roller\lv_roller.c.o
Compiling .pio\build\tasmota32s3-heltec-wmbus\libd92\lvgl\widgets\scale\lv_scale.c.o
Compiling .pio\build\tasmota32s3-heltec-wmbus\libd92\lvgl\widgets\slider\lv_slider.c.o
Compiling .pio\build\tasmota32s3-heltec-wmbus\libd92\lvgl\widgets\span\lv_span.c.o
Compiling .pio\build\tasmota32s3-heltec-wmbus\libd92\lvgl\widgets\spinbox\lv_spinbox.c.o
Compiling .pio\build\tasmota32s3-heltec-wmbus\libd92\lvgl\widgets\spinner\lv_spinner.c.o
Compiling .pio\build\tasmota32s3-heltec-wmbus\libd92\lvgl\widgets\switch\lv_switch.c.o
Compiling .pio\build\tasmota32s3-heltec-wmbus\libd92\lvgl\widgets\table\lv_table.c.o
Compiling .pio\build\tasmota32s3-heltec-wmbus\libd92\lvgl\widgets\tabview\lv_tabview.c.o
Compiling .pio\build\tasmota32s3-heltec-wmbus\libd92\lvgl\widgets\textarea\lv_textarea.c.o
Compiling .pio\build\tasmota32s3-heltec-wmbus\libd92\lvgl\widgets\tileview\lv_tileview.c.o
Compiling .pio\build\tasmota32s3-heltec-wmbus\libd92\lvgl\widgets\win\lv_win.c.o
Compiling .pio\build\tasmota32s3-heltec-wmbus\libdd1\esp_wireguard-Tasmota\crypto.c.o
Compiling .pio\build\tasmota32s3-heltec-wmbus\libdd1\esp_wireguard-Tasmota\crypto\refc\blake2s.cpp.o
Compiling .pio\build\tasmota32s3-heltec-wmbus\libdd1\esp_wireguard-Tasmota\crypto\refc\chacha20.cpp.o
Compiling .pio\build\tasmota32s3-heltec-wmbus\libdd1\esp_wireguard-Tasmota\crypto\refc\chacha20poly1305.cpp.o
Compiling .pio\build\tasmota32s3-heltec-wmbus\libdd1\esp_wireguard-Tasmota\crypto\refc\poly1305-donna.cpp.o
Compiling .pio\build\tasmota32s3-heltec-wmbus\libdd1\esp_wireguard-Tasmota\esp_wireguard.cpp.o
Compiling .pio\build\tasmota32s3-heltec-wmbus\libdd1\esp_wireguard-Tasmota\tasmota_crypto.cpp.o
Compiling .pio\build\tasmota32s3-heltec-wmbus\libdd1\esp_wireguard-Tasmota\wireguard-platform.cpp.o
Compiling .pio\build\tasmota32s3-heltec-wmbus\libdd1\esp_wireguard-Tasmota\wireguard.cpp.o
Compiling .pio\build\tasmota32s3-heltec-wmbus\libdd1\esp_wireguard-Tasmota\wireguardif.cpp.o
Compiling .pio\build\tasmota32s3-heltec-wmbus\lib4ff\AT24C256_512\Eeprom24C128_256.cpp.o
Compiling .pio\build\tasmota32s3-heltec-wmbus\lib4ff\AT24C256_512\Eeprom24C512.cpp.o
Compiling .pio\build\tasmota32s3-heltec-wmbus\libd9b\FastCRC\FastCRChw.cpp.o
Compiling .pio\build\tasmota32s3-heltec-wmbus\libd9b\FastCRC\FastCRCsw.cpp.o
Archiving .pio\build\tasmota32s3-heltec-wmbus\libd92\liblvgl.a
Compiling .pio\build\tasmota32s3-heltec-wmbus\lib753\FFat\FFat.cpp.o
Compiling .pio\build\tasmota32s3-heltec-wmbus\lib1f2\ams\Cosem.cpp.o
Compiling .pio\build\tasmota32s3-heltec-wmbus\lib1f2\ams\DlmsParser.cpp.o
Compiling .pio\build\tasmota32s3-heltec-wmbus\lib1f2\ams\DsmrParser.cpp.o
Compiling .pio\build\tasmota32s3-heltec-wmbus\lib1f2\ams\GbtParser.cpp.o
Compiling .pio\build\tasmota32s3-heltec-wmbus\lib1f2\ams\GcmParser.cpp.o
Compiling .pio\build\tasmota32s3-heltec-wmbus\lib1f2\ams\HdlcParser.cpp.o
Compiling .pio\build\tasmota32s3-heltec-wmbus\lib1f2\ams\LlcParser.cpp.o
Compiling .pio\build\tasmota32s3-heltec-wmbus\lib1f2\ams\MbusParser.cpp.o
Compiling .pio\build\tasmota32s3-heltec-wmbus\lib1f2\ams\crc.cpp.o
Compiling .pio\build\tasmota32s3-heltec-wmbus\lib1f2\ams\Time.cpp.o
Compiling .pio\build\tasmota32s3-heltec-wmbus\lib1f2\ams\han_Parser.cpp.o
Compiling .pio\build\tasmota32s3-heltec-wmbus\lib1f2\ams\hexutils.cpp.o
Compiling .pio\build\tasmota32s3-heltec-wmbus\lib1f2\ams\ntohll_ams.cpp.o
Compiling .pio\build\tasmota32s3-heltec-wmbus\libe6f\HttpClientLight\HTTPUpdateLight.cpp.o
Compiling .pio\build\tasmota32s3-heltec-wmbus\libe6f\HttpClientLight\HttpClientLight.cpp.o
Compiling .pio\build\tasmota32s3-heltec-wmbus\libe6f\HttpClientLight\TasUpdater.cpp.o
Compiling .pio\build\tasmota32s3-heltec-wmbus\lib3ee\I2Cdevlib-Core\I2Cdev.cpp.o
Compiling .pio\build\tasmota32s3-heltec-wmbus\lib9c8\base64-1.1.1\base64.cpp.o
Archiving .pio\build\tasmota32s3-heltec-wmbus\lib4ff\libAT24C256_512.a
In file included from include/tasmota_options.h:23,
                 from lib/libesp32/HttpClientLight/src/HttpClientLight.cpp:29:
include/../tasmota/my_user_config.h:585:9: warning: 'USE_MULTICAL21' redefined
  585 | #define USE_MULTICAL21                           // Add support for Kamstrup Multical21 / FlowIQ wM-Bus (C1) water meter via CC1101 on hardware SPI (+5k code)
      |         ^~~~~~~~~~~~~~
<command-line>: note: this is the location of the previous definition
Compiling .pio\build\tasmota32s3-heltec-wmbus\lib0ff\IniFile-Tasmota\IniFile.cpp.o
In file included from include/tasmota_options.h:23,
                 from lib/lib_div/ams/GcmParser.cpp:3:
include/../tasmota/my_user_config.h:585:9: warning: 'USE_MULTICAL21' redefined
  585 | #define USE_MULTICAL21                           // Add support for Kamstrup Multical21 / FlowIQ wM-Bus (C1) water meter via CC1101 on hardware SPI (+5k code)
      |         ^~~~~~~~~~~~~~
<command-line>: note: this is the location of the previous definition
Compiling .pio\build\tasmota32s3-heltec-wmbus\lib084\JPEGDEC\JPEGDEC.cpp.o
Archiving .pio\build\tasmota32s3-heltec-wmbus\libd9b\libFastCRC.a
Archiving .pio\build\tasmota32s3-heltec-wmbus\lib9c8\libbase64-1.1.1.a
Compiling .pio\build\tasmota32s3-heltec-wmbus\lib084\JPEGDEC\s3_simd_420.S.o
Compiling .pio\build\tasmota32s3-heltec-wmbus\lib084\JPEGDEC\s3_simd_444.S.o
Compiling .pio\build\tasmota32s3-heltec-wmbus\lib084\JPEGDEC\s3_simd_dequant.S.o
Compiling .pio\build\tasmota32s3-heltec-wmbus\libfba\LibTeleinfo\LibTeleinfo.cpp.o
Compiling .pio\build\tasmota32s3-heltec-wmbus\libf32\LVGL_assets\fonts\icons\lv_font_icons_12.c.o
Archiving .pio\build\tasmota32s3-heltec-wmbus\lib1f2\libams.a
Archiving .pio\build\tasmota32s3-heltec-wmbus\lib753\libFFat.a
Archiving .pio\build\tasmota32s3-heltec-wmbus\libdd1\libesp_wireguard-Tasmota.a
Compiling .pio\build\tasmota32s3-heltec-wmbus\libf32\LVGL_assets\fonts\icons\lv_font_icons_14.c.o
Compiling .pio\build\tasmota32s3-heltec-wmbus\libf32\LVGL_assets\fonts\icons\lv_font_icons_16.c.o
Compiling .pio\build\tasmota32s3-heltec-wmbus\libf32\LVGL_assets\fonts\icons\lv_font_icons_18.c.o
Compiling .pio\build\tasmota32s3-heltec-wmbus\libf32\LVGL_assets\fonts\icons\lv_font_icons_20.c.o
Compiling .pio\build\tasmota32s3-heltec-wmbus\libf32\LVGL_assets\fonts\icons\lv_font_icons_22.c.o
Compiling .pio\build\tasmota32s3-heltec-wmbus\libf32\LVGL_assets\fonts\icons\lv_font_icons_24.c.o
Compiling .pio\build\tasmota32s3-heltec-wmbus\libf32\LVGL_assets\fonts\icons\lv_font_icons_28.c.o
Compiling .pio\build\tasmota32s3-heltec-wmbus\libf32\LVGL_assets\fonts\montserrat\lv_font_montserrat_tasmota_10.c.o
Compiling .pio\build\tasmota32s3-heltec-wmbus\libf32\LVGL_assets\fonts\montserrat\lv_font_montserrat_tasmota_14.c.o
Compiling .pio\build\tasmota32s3-heltec-wmbus\libf32\LVGL_assets\fonts\montserrat\lv_font_montserrat_tasmota_20.c.o
Compiling .pio\build\tasmota32s3-heltec-wmbus\libf32\LVGL_assets\fonts\montserrat\lv_font_montserrat_tasmota_28.c.o
Compiling .pio\build\tasmota32s3-heltec-wmbus\libf32\LVGL_assets\fonts\roboto-latin1\robotocondensed_regular_12_latin1.c.o
Compiling .pio\build\tasmota32s3-heltec-wmbus\libf32\LVGL_assets\fonts\roboto-latin1\robotocondensed_regular_14_latin1.c.o
Compiling .pio\build\tasmota32s3-heltec-wmbus\libf32\LVGL_assets\fonts\roboto-latin1\robotocondensed_regular_16_latin1.c.o
Compiling .pio\build\tasmota32s3-heltec-wmbus\libf32\LVGL_assets\fonts\roboto-latin1\robotocondensed_regular_20_latin1.c.o
Compiling .pio\build\tasmota32s3-heltec-wmbus\libf32\LVGL_assets\fonts\roboto-latin1\robotocondensed_regular_22_latin1.c.o
Compiling .pio\build\tasmota32s3-heltec-wmbus\libf32\LVGL_assets\fonts\roboto-latin1\robotocondensed_regular_24_latin1.c.o
Compiling .pio\build\tasmota32s3-heltec-wmbus\libf32\LVGL_assets\fonts\roboto-latin1\robotocondensed_regular_36_latin1.c.o
Compiling .pio\build\tasmota32s3-heltec-wmbus\libf32\LVGL_assets\fonts\roboto-latin1\robotocondensed_regular_48_latin1.c.o
Compiling .pio\build\tasmota32s3-heltec-wmbus\libf32\LVGL_assets\fonts\seg7_10.c.o
Compiling .pio\build\tasmota32s3-heltec-wmbus\libf32\LVGL_assets\fonts\seg7_12.c.o
Compiling .pio\build\tasmota32s3-heltec-wmbus\libf32\LVGL_assets\fonts\seg7_14.c.o
Compiling .pio\build\tasmota32s3-heltec-wmbus\libf32\LVGL_assets\fonts\seg7_16.c.o
Compiling .pio\build\tasmota32s3-heltec-wmbus\libf32\LVGL_assets\fonts\seg7_18.c.o
Compiling .pio\build\tasmota32s3-heltec-wmbus\libf32\LVGL_assets\fonts\seg7_20.c.o
Compiling .pio\build\tasmota32s3-heltec-wmbus\libf32\LVGL_assets\fonts\seg7_24.c.o
Compiling .pio\build\tasmota32s3-heltec-wmbus\libf32\LVGL_assets\fonts\seg7_28.c.o
Compiling .pio\build\tasmota32s3-heltec-wmbus\libf32\LVGL_assets\fonts\seg7_36.c.o
Compiling .pio\build\tasmota32s3-heltec-wmbus\libf32\LVGL_assets\fonts\seg7_48.c.o
Archiving .pio\build\tasmota32s3-heltec-wmbus\lib3ee\libI2Cdevlib-Core.a
Compiling .pio\build\tasmota32s3-heltec-wmbus\libf32\LVGL_assets\fonts\seg7_8.c.o
Compiling .pio\build\tasmota32s3-heltec-wmbus\libf32\LVGL_assets\fonts\typicons24.c.o
Compiling .pio\build\tasmota32s3-heltec-wmbus\libf32\LVGL_assets\lv_theme_haspmota.c.o
Compiling .pio\build\tasmota32s3-heltec-wmbus\libf32\LVGL_assets\tasmota_logo_36_truecolor_alpha.c.o
Compiling .pio\build\tasmota32s3-heltec-wmbus\libf32\LVGL_assets\tasmota_logo_64_truecolor_alpha.c.o
In file included from include/tasmota_options.h:23,
                 from lib/libesp32/HttpClientLight/src/HttpClientLight.h:38,
                 from lib/libesp32/HttpClientLight/src/HTTPUpdateLight.h:34,
                 from lib/libesp32/HttpClientLight/src/HTTPUpdateLight.cpp:26:
include/../tasmota/my_user_config.h:585:9: warning: 'USE_MULTICAL21' redefined
  585 | #define USE_MULTICAL21                           // Add support for Kamstrup Multical21 / FlowIQ wM-Bus (C1) water meter via CC1101 on hardware SPI (+5k code)
      |         ^~~~~~~~~~~~~~
<command-line>: note: this is the location of the previous definition
Compiling .pio\build\tasmota32s3-heltec-wmbus\lib914\generate\be_lvgl_module.c.o
Archiving .pio\build\tasmota32s3-heltec-wmbus\libfba\libLibTeleinfo.a
Archiving .pio\build\tasmota32s3-heltec-wmbus\libf32\libLVGL_assets.a
Compiling .pio\build\tasmota32s3-heltec-wmbus\lib914\generate\be_lvgl_widgets_lib.c.o
Compiling .pio\build\tasmota32s3-heltec-wmbus\lib914\lv_binding_berry\be_lv_extra.c.o
Compiling .pio\build\tasmota32s3-heltec-wmbus\lib914\lv_binding_berry\be_lvgl_ctypes_definitions.c.o
Compiling .pio\build\tasmota32s3-heltec-wmbus\lib914\lv_binding_berry\be_lvgl_glob_lib.c.o
Compiling .pio\build\tasmota32s3-heltec-wmbus\lib914\lv_binding_berry\lv_berry.c.o
Compiling .pio\build\tasmota32s3-heltec-wmbus\lib914\lv_binding_berry\lv_colorwheel.c.o
Archiving .pio\build\tasmota32s3-heltec-wmbus\libe6f\libHttpClientLight.a
Compiling .pio\build\tasmota32s3-heltec-wmbus\lib914\lv_binding_berry\lv_mem_core_berry.c.o
In file included from include/tasmota_options.h:23,
                 from <command-line>:
include/../tasmota/my_user_config.h:585:9: warning: 'USE_MULTICAL21' redefined
  585 | #define USE_MULTICAL21                           // Add support for Kamstrup Multical21 / FlowIQ wM-Bus (C1) water meter via CC1101 on hardware SPI (+5k code)
      |         ^~~~~~~~~~~~~~
<command-line>: note: this is the location of the previous definition
In file included from include/tasmota_options.h:23,
                 from <command-line>:
include/../tasmota/my_user_config.h:585:9: warning: 'USE_MULTICAL21' redefined
  585 | #define USE_MULTICAL21                           // Add support for Kamstrup Multical21 / FlowIQ wM-Bus (C1) water meter via CC1101 on hardware SPI (+5k code)
      |         ^~~~~~~~~~~~~~
<command-line>: note: this is the location of the previous definition
In file included from include/tasmota_options.h:23,
                 from <command-line>:
include/../tasmota/my_user_config.h:585:9: warning: 'USE_MULTICAL21' redefined
  585 | #define USE_MULTICAL21                           // Add support for Kamstrup Multical21 / FlowIQ wM-Bus (C1) water meter via CC1101 on hardware SPI (+5k code)
      |         ^~~~~~~~~~~~~~
<command-line>: note: this is the location of the previous definition
In file included from include/tasmota_options.h:23,
                 from <command-line>:
include/../tasmota/my_user_config.h:585:9: warning: 'USE_MULTICAL21' redefined
  585 | #define USE_MULTICAL21                           // Add support for Kamstrup Multical21 / FlowIQ wM-Bus (C1) water meter via CC1101 on hardware SPI (+5k code)
      |         ^~~~~~~~~~~~~~
<command-line>: note: this is the location of the previous definition
Compiling .pio\build\tasmota32s3-heltec-wmbus\lib873\arduino-mcp2515-1.0.1\mcp2515.cpp.o
In file included from include/tasmota_options.h:23,
                 from <command-line>:
include/../tasmota/my_user_config.h:585:9: warning: 'USE_MULTICAL21' redefined
  585 | #define USE_MULTICAL21                           // Add support for Kamstrup Multical21 / FlowIQ wM-Bus (C1) water meter via CC1101 on hardware SPI (+5k code)
      |         ^~~~~~~~~~~~~~
<command-line>: note: this is the location of the previous definition
In file included from include/tasmota_options.h:23,
                 from <command-line>:
include/../tasmota/my_user_config.h:585:9: warning: 'USE_MULTICAL21' redefined
  585 | #define USE_MULTICAL21                           // Add support for Kamstrup Multical21 / FlowIQ wM-Bus (C1) water meter via CC1101 on hardware SPI (+5k code)
      |         ^~~~~~~~~~~~~~
<command-line>: note: this is the location of the previous definition
Archiving .pio\build\tasmota32s3-heltec-wmbus\lib0ff\libIniFile-Tasmota.a
In file included from include/tasmota_options.h:23,
                 from <command-line>:
include/../tasmota/my_user_config.h:585:9: warning: 'USE_MULTICAL21' redefined
  585 | #define USE_MULTICAL21                           // Add support for Kamstrup Multical21 / FlowIQ wM-Bus (C1) water meter via CC1101 on hardware SPI (+5k code)
      |         ^~~~~~~~~~~~~~
<command-line>: note: this is the location of the previous definition
In file included from include/tasmota_options.h:23,
                 from <command-line>:
include/../tasmota/my_user_config.h:585:9: warning: 'USE_MULTICAL21' redefined
  585 | #define USE_MULTICAL21                           // Add support for Kamstrup Multical21 / FlowIQ wM-Bus (C1) water meter via CC1101 on hardware SPI (+5k code)
      |         ^~~~~~~~~~~~~~
<command-line>: note: this is the location of the previous definition
Compiling .pio\build\tasmota32s3-heltec-wmbus\lib950\I2Cdevlib-MPU6050\MPU6050.cpp.o
Compiling .pio\build\tasmota32s3-heltec-wmbus\libbae\Mutichannel_Gas_Sensor\MutichannelGasSensor.cpp.o
Archiving .pio\build\tasmota32s3-heltec-wmbus\lib084\libJPEGDEC.a
Compiling .pio\build\tasmota32s3-heltec-wmbus\libcd2\ArduinoNTPd\NTPPacket.cpp.o
Compiling .pio\build\tasmota32s3-heltec-wmbus\libcd2\ArduinoNTPd\NTPServer.cpp.o
Compiling .pio\build\tasmota32s3-heltec-wmbus\lib245\OpenTherm\OpenTherm.cpp.o
Compiling .pio\build\tasmota32s3-heltec-wmbus\lib5cc\ProcessControl\PID.cpp.o
Compiling .pio\build\tasmota32s3-heltec-wmbus\lib5cc\ProcessControl\Timeprop.cpp.o
Compiling .pio\build\tasmota32s3-heltec-wmbus\lib479\RadioLib\ArduinoHal.cpp.o
Compiling .pio\build\tasmota32s3-heltec-wmbus\lib479\RadioLib\Hal.cpp.o
Compiling .pio\build\tasmota32s3-heltec-wmbus\lib479\RadioLib\Module.cpp.o
Archiving .pio\build\tasmota32s3-heltec-wmbus\lib914\liblv_binding_berry.a
Compiling .pio\build\tasmota32s3-heltec-wmbus\lib479\RadioLib\modules\CC1101\CC1101.cpp.o
Compiling .pio\build\tasmota32s3-heltec-wmbus\lib479\RadioLib\modules\LLCC68\LLCC68.cpp.o
Compiling .pio\build\tasmota32s3-heltec-wmbus\lib479\RadioLib\modules\RF69\RF69.cpp.o
Compiling .pio\build\tasmota32s3-heltec-wmbus\lib479\RadioLib\modules\SX123x\SX1231.cpp.o
Compiling .pio\build\tasmota32s3-heltec-wmbus\lib479\RadioLib\modules\SX123x\SX1233.cpp.o
Compiling .pio\build\tasmota32s3-heltec-wmbus\lib479\RadioLib\modules\SX126x\STM32WLx.cpp.o
Compiling .pio\build\tasmota32s3-heltec-wmbus\lib479\RadioLib\modules\SX126x\STM32WLx_Module.cpp.o
Compiling .pio\build\tasmota32s3-heltec-wmbus\lib479\RadioLib\modules\SX126x\SX1261.cpp.o
Compiling .pio\build\tasmota32s3-heltec-wmbus\lib479\RadioLib\modules\SX126x\SX1262.cpp.o
Compiling .pio\build\tasmota32s3-heltec-wmbus\lib479\RadioLib\modules\SX126x\SX1268.cpp.o
Compiling .pio\build\tasmota32s3-heltec-wmbus\lib479\RadioLib\modules\SX126x\SX126x.cpp.o
Compiling .pio\build\tasmota32s3-heltec-wmbus\lib479\RadioLib\modules\SX127x\SX1272.cpp.o
Archiving .pio\build\tasmota32s3-heltec-wmbus\lib5cc\libProcessControl.a
Compiling .pio\build\tasmota32s3-heltec-wmbus\lib479\RadioLib\modules\SX127x\SX1273.cpp.o
Archiving .pio\build\tasmota32s3-heltec-wmbus\lib873\libarduino-mcp2515-1.0.1.a
Compiling .pio\build\tasmota32s3-heltec-wmbus\lib479\RadioLib\modules\SX127x\SX1276.cpp.o
Archiving .pio\build\tasmota32s3-heltec-wmbus\lib950\libI2Cdevlib-MPU6050.a
Archiving .pio\build\tasmota32s3-heltec-wmbus\libbae\libMutichannel_Gas_Sensor.a
Compiling .pio\build\tasmota32s3-heltec-wmbus\lib479\RadioLib\modules\SX127x\SX1277.cpp.o
Compiling .pio\build\tasmota32s3-heltec-wmbus\lib479\RadioLib\modules\SX127x\SX1278.cpp.o
Compiling .pio\build\tasmota32s3-heltec-wmbus\lib479\RadioLib\modules\SX127x\SX1279.cpp.o
Archiving .pio\build\tasmota32s3-heltec-wmbus\libcd2\libArduinoNTPd.a
Compiling .pio\build\tasmota32s3-heltec-wmbus\lib479\RadioLib\modules\SX127x\SX127x.cpp.o
Archiving .pio\build\tasmota32s3-heltec-wmbus\lib245\libOpenTherm.a
Compiling .pio\build\tasmota32s3-heltec-wmbus\lib479\RadioLib\modules\SX128x\SX1280.cpp.o
Compiling .pio\build\tasmota32s3-heltec-wmbus\lib479\RadioLib\modules\SX128x\SX1281.cpp.o
Compiling .pio\build\tasmota32s3-heltec-wmbus\lib479\RadioLib\modules\SX128x\SX1282.cpp.o
Compiling .pio\build\tasmota32s3-heltec-wmbus\lib479\RadioLib\modules\SX128x\SX128x.cpp.o
Compiling .pio\build\tasmota32s3-heltec-wmbus\lib479\RadioLib\modules\Si443x\Si4430.cpp.o
Compiling .pio\build\tasmota32s3-heltec-wmbus\lib479\RadioLib\modules\Si443x\Si4431.cpp.o
Compiling .pio\build\tasmota32s3-heltec-wmbus\lib479\RadioLib\modules\Si443x\Si4432.cpp.o
Compiling .pio\build\tasmota32s3-heltec-wmbus\lib479\RadioLib\modules\Si443x\Si443x.cpp.o
Compiling .pio\build\tasmota32s3-heltec-wmbus\lib479\RadioLib\modules\nRF24\nRF24.cpp.o
Compiling .pio\build\tasmota32s3-heltec-wmbus\lib479\RadioLib\protocols\AFSK\AFSK.cpp.o
Compiling .pio\build\tasmota32s3-heltec-wmbus\lib479\RadioLib\protocols\APRS\APRS.cpp.o
Compiling .pio\build\tasmota32s3-heltec-wmbus\lib479\RadioLib\protocols\AX25\AX25.cpp.o
Compiling .pio\build\tasmota32s3-heltec-wmbus\lib479\RadioLib\protocols\BellModem\BellModem.cpp.o
Compiling .pio\build\tasmota32s3-heltec-wmbus\lib479\RadioLib\protocols\ExternalRadio\ExternalRadio.cpp.o
Compiling .pio\build\tasmota32s3-heltec-wmbus\lib479\RadioLib\protocols\FSK4\FSK4.cpp.o
Compiling .pio\build\tasmota32s3-heltec-wmbus\lib479\RadioLib\protocols\Hellschreiber\Hellschreiber.cpp.o
Compiling .pio\build\tasmota32s3-heltec-wmbus\lib479\RadioLib\protocols\LoRaWAN\LoRaWAN.cpp.o
Compiling .pio\build\tasmota32s3-heltec-wmbus\lib479\RadioLib\protocols\LoRaWAN\LoRaWANBands.cpp.o
Compiling .pio\build\tasmota32s3-heltec-wmbus\lib479\RadioLib\protocols\Morse\Morse.cpp.o
Compiling .pio\build\tasmota32s3-heltec-wmbus\lib479\RadioLib\protocols\Pager\Pager.cpp.o
Compiling .pio\build\tasmota32s3-heltec-wmbus\lib479\RadioLib\protocols\PhysicalLayer\PhysicalLayer.cpp.o
Compiling .pio\build\tasmota32s3-heltec-wmbus\lib479\RadioLib\protocols\Print\ITA2String.cpp.o
Compiling .pio\build\tasmota32s3-heltec-wmbus\lib479\RadioLib\protocols\Print\Print.cpp.o
Compiling .pio\build\tasmota32s3-heltec-wmbus\lib479\RadioLib\protocols\RTTY\RTTY.cpp.o
Compiling .pio\build\tasmota32s3-heltec-wmbus\lib479\RadioLib\protocols\SSTV\SSTV.cpp.o
Compiling .pio\build\tasmota32s3-heltec-wmbus\lib479\RadioLib\utils\CRC.cpp.o
Compiling .pio\build\tasmota32s3-heltec-wmbus\lib479\RadioLib\utils\Cryptography.cpp.o
Compiling .pio\build\tasmota32s3-heltec-wmbus\lib479\RadioLib\utils\FEC.cpp.o
Compiling .pio\build\tasmota32s3-heltec-wmbus\lib2c2\wmbus\multical21_decoder.cpp.o
Compiling .pio\build\tasmota32s3-heltec-wmbus\lib2c2\wmbus\radio_sx1262.cpp.o
Compiling .pio\build\tasmota32s3-heltec-wmbus\lib2c2\wmbus\tiny_aes.cpp.o
Compiling .pio\build\tasmota32s3-heltec-wmbus\lib2c2\wmbus\wmbus_crc.cpp.o
Compiling .pio\build\tasmota32s3-heltec-wmbus\lib008\ScioSense_ENS16x\ScioSense_ENS16x.cpp.o
Compiling .pio\build\tasmota32s3-heltec-wmbus\libc1b\ScioSense_ENS210\ScioSense_ENS210.cpp.o
Compiling .pio\build\tasmota32s3-heltec-wmbus\lib5c4\Sensirion_Core\SensirionCrc.cpp.o
Compiling .pio\build\tasmota32s3-heltec-wmbus\lib5c4\Sensirion_Core\SensirionErrors.cpp.o
Compiling .pio\build\tasmota32s3-heltec-wmbus\lib5c4\Sensirion_Core\SensirionI2CCommunication.cpp.o
Compiling .pio\build\tasmota32s3-heltec-wmbus\lib5c4\Sensirion_Core\SensirionRxFrame.cpp.o
Compiling .pio\build\tasmota32s3-heltec-wmbus\lib5c4\Sensirion_Core\SensirionI2CTxFrame.cpp.o
Compiling .pio\build\tasmota32s3-heltec-wmbus\lib5c4\Sensirion_Core\SensirionShdlcCommunication.cpp.o
Compiling .pio\build\tasmota32s3-heltec-wmbus\lib5c4\Sensirion_Core\SensirionShdlcTxFrame.cpp.o
Compiling .pio\build\tasmota32s3-heltec-wmbus\libb22\arduino-i2c-sgp41\SensirionI2CSgp4x.cpp.o
Compiling .pio\build\tasmota32s3-heltec-wmbus\libb22\arduino-i2c-sgp41\sensirion_gas_index_algorithm.c.o
Compiling .pio\build\tasmota32s3-heltec-wmbus\libcde\arduino-tm1637\SevenSegmentAsciiMap.cpp.o
Compiling .pio\build\tasmota32s3-heltec-wmbus\libcde\arduino-tm1637\SevenSegmentExtended.cpp.o
Compiling .pio\build\tasmota32s3-heltec-wmbus\libcde\arduino-tm1637\SevenSegmentFun.cpp.o
Compiling .pio\build\tasmota32s3-heltec-wmbus\libcde\arduino-tm1637\SevenSegmentTM1637.cpp.o
Compiling .pio\build\tasmota32s3-heltec-wmbus\lib1de\SPL06_007\SPL06-007.cpp.o
Compiling .pio\build\tasmota32s3-heltec-wmbus\lib894\Ethernet\ETH.cpp.o
Compiling .pio\build\tasmota32s3-heltec-wmbus\lib3a4\ESP-Mail-Client\ESP_Mail_Client.cpp.o
Compiling .pio\build\tasmota32s3-heltec-wmbus\lib3a4\ESP-Mail-Client\SSLClient\bssl\sysrng.c.o
Compiling .pio\build\tasmota32s3-heltec-wmbus\lib3a4\ESP-Mail-Client\SSLClient\bssl\x509_decoder.c.o
Compiling .pio\build\tasmota32s3-heltec-wmbus\lib3a4\ESP-Mail-Client\SSLClient\bssl\x509_knownkey.c.o
Compiling .pio\build\tasmota32s3-heltec-wmbus\lib3a4\ESP-Mail-Client\SSLClient\bssl\x509_minimal_full.c.o
Compiling .pio\build\tasmota32s3-heltec-wmbus\lib3a4\ESP-Mail-Client\SSLClient\client\BSSL_CertStore.cpp.o
Compiling .pio\build\tasmota32s3-heltec-wmbus\lib3a4\ESP-Mail-Client\SSLClient\client\BSSL_Helper.cpp.o
Archiving .pio\build\tasmota32s3-heltec-wmbus\lib479\libRadioLib.a
Archiving .pio\build\tasmota32s3-heltec-wmbus\lib2c2\libwmbus.a
Archiving .pio\build\tasmota32s3-heltec-wmbus\libc1b\libScioSense_ENS210.a
Compiling .pio\build\tasmota32s3-heltec-wmbus\lib3a4\ESP-Mail-Client\SSLClient\client\BSSL_SSL_Client.cpp.o
Compiling .pio\build\tasmota32s3-heltec-wmbus\lib3a4\ESP-Mail-Client\SSLClient\client\BSSL_TCP_Client.cpp.o
Archiving .pio\build\tasmota32s3-heltec-wmbus\lib008\libScioSense_ENS16x.a
Compiling .pio\build\tasmota32s3-heltec-wmbus\lib3a4\ESP-Mail-Client\extras\RFC2047.cpp.o
Compiling .pio\build\tasmota32s3-heltec-wmbus\lib3a4\ESP-Mail-Client\extras\mb_print\mb_print.c.o
Compiling .pio\build\tasmota32s3-heltec-wmbus\libb24\Unishox-Tasmota-1.0\UnishoxStrings.cpp.o
Compiling .pio\build\tasmota32s3-heltec-wmbus\libb24\Unishox-Tasmota-1.0\unishox.cpp.o
Compiling .pio\build\tasmota32s3-heltec-wmbus\lib4b4\arduino-vid6608\vid6608.cpp.o
Compiling .pio\build\tasmota32s3-heltec-wmbus\lib877\vl53l0x-arduino-1.02\VL53L0X.cpp.o
Archiving .pio\build\tasmota32s3-heltec-wmbus\lib5c4\libSensirion_Core.a
Compiling .pio\build\tasmota32s3-heltec-wmbus\liba6d\vl53l1x-arduino-1.01\VL53L1X.cpp.o
Compiling .pio\build\tasmota32s3-heltec-wmbus\libfdb\wmbus_oled\wmbus_oled.cpp.o
Compiling .pio\build\tasmota32s3-heltec-wmbus\lib832\A4988_Stepper\A4988_Stepper.cpp.o
Compiling .pio\build\tasmota32s3-heltec-wmbus\lib08c\TasmotaSerial-3.7.0\TasmotaSerial.cpp.o
Archiving .pio\build\tasmota32s3-heltec-wmbus\libb22\libarduino-i2c-sgp41.a
Archiving .pio\build\tasmota32s3-heltec-wmbus\libb24\libUnishox-Tasmota-1.0.a
Compiling .pio\build\tasmota32s3-heltec-wmbus\lib1c6\Adafruit-Fingerprint-Tasmota-2.1.0\Adafruit_Fingerprint.cpp.o
Compiling .pio\build\tasmota32s3-heltec-wmbus\libd0d\Adafruit-GFX-Library-1.5.6-gemu-1.0\Adafruit_GFX.cpp.o
Compiling .pio\build\tasmota32s3-heltec-wmbus\libd0d\Adafruit-GFX-Library-1.5.6-gemu-1.0\Adafruit_SPITFT.cpp.o
Archiving .pio\build\tasmota32s3-heltec-wmbus\libcde\libarduino-tm1637.a
Compiling .pio\build\tasmota32s3-heltec-wmbus\libd0d\Adafruit-GFX-Library-1.5.6-gemu-1.0\glcdfont.c.o
Compiling .pio\build\tasmota32s3-heltec-wmbus\lib6c6\Adafruit_LED_Backpack-1.1.6\Adafruit_LEDBackpack.cpp.o
Compiling .pio\build\tasmota32s3-heltec-wmbus\lib14e\Adafruit_TSL2591\Adafruit_TSL2591.cpp.o
Archiving .pio\build\tasmota32s3-heltec-wmbus\lib1de\libSPL06_007.a
Compiling .pio\build\tasmota32s3-heltec-wmbus\lib0a1\BME68x\bme68x.c.o
Compiling .pio\build\tasmota32s3-heltec-wmbus\lib188\DHT-sensor-library\DHT.cpp.o
Compiling .pio\build\tasmota32s3-heltec-wmbus\libbe5\AsyncUDP\AsyncUDP.cpp.o
Compiling .pio\build\tasmota32s3-heltec-wmbus\lib971\DNSServer\DNSServer.cpp.o
Archiving .pio\build\tasmota32s3-heltec-wmbus\lib0a1\libBME68x.a
Compiling .pio\build\tasmota32s3-heltec-wmbus\lib7a4\DS2480B\DS2480B.cpp.o
Archiving .pio\build\tasmota32s3-heltec-wmbus\lib4b4\libarduino-vid6608.a
Archiving .pio\build\tasmota32s3-heltec-wmbus\lib894\libEthernet.a
Archiving .pio\build\tasmota32s3-heltec-wmbus\lib877\libvl53l0x-arduino-1.02.a
Compiling .pio\build\tasmota32s3-heltec-wmbus\lib797\Display_Renderer-gemu-1.0\epdif.cpp.o
Archiving .pio\build\tasmota32s3-heltec-wmbus\liba6d\libvl53l1x-arduino-1.01.a
Compiling .pio\build\tasmota32s3-heltec-wmbus\lib797\Display_Renderer-gemu-1.0\epdpaint.cpp.o
Compiling .pio\build\tasmota32s3-heltec-wmbus\lib797\Display_Renderer-gemu-1.0\font12.c.o
Compiling .pio\build\tasmota32s3-heltec-wmbus\lib797\Display_Renderer-gemu-1.0\font16.c.o
Archiving .pio\build\tasmota32s3-heltec-wmbus\libfdb\libwmbus_oled.a
Compiling .pio\build\tasmota32s3-heltec-wmbus\lib797\Display_Renderer-gemu-1.0\font20.c.o
Archiving .pio\build\tasmota32s3-heltec-wmbus\lib832\libA4988_Stepper.a
Compiling .pio\build\tasmota32s3-heltec-wmbus\lib797\Display_Renderer-gemu-1.0\font24.c.o
Compiling .pio\build\tasmota32s3-heltec-wmbus\lib797\Display_Renderer-gemu-1.0\font24_7seg.c.o
Compiling .pio\build\tasmota32s3-heltec-wmbus\lib797\Display_Renderer-gemu-1.0\font8.c.o
Compiling .pio\build\tasmota32s3-heltec-wmbus\lib797\Display_Renderer-gemu-1.0\renderer.cpp.o
Compiling .pio\build\tasmota32s3-heltec-wmbus\libf25\EEPROM\EEPROM.cpp.o
Compiling .pio\build\tasmota32s3-heltec-wmbus\lib6a3\esp-knx-ip-0.5.2\esp-knx-ip-config.cpp.o
Archiving .pio\build\tasmota32s3-heltec-wmbus\lib08c\libTasmotaSerial-3.7.0.a
Compiling .pio\build\tasmota32s3-heltec-wmbus\lib6a3\esp-knx-ip-0.5.2\esp-knx-ip-conversion.cpp.o
Archiving .pio\build\tasmota32s3-heltec-wmbus\lib1c6\libAdafruit-Fingerprint-Tasmota-2.1.0.a
Compiling .pio\build\tasmota32s3-heltec-wmbus\lib6a3\esp-knx-ip-0.5.2\esp-knx-ip-send.cpp.o
Compiling .pio\build\tasmota32s3-heltec-wmbus\lib6a3\esp-knx-ip-0.5.2\esp-knx-ip-webserver.cpp.o
Compiling .pio\build\tasmota32s3-heltec-wmbus\lib6a3\esp-knx-ip-0.5.2\esp-knx-ip.cpp.o
Compiling .pio\build\tasmota32s3-heltec-wmbus\libc7b\ESP8266SAM\ESP8266SAM.cpp.o
Compiling .pio\build\tasmota32s3-heltec-wmbus\libc7b\ESP8266SAM\esp8266sam_debug.c.o
Archiving .pio\build\tasmota32s3-heltec-wmbus\libd0d\libAdafruit-GFX-Library-1.5.6-gemu-1.0.a
Compiling .pio\build\tasmota32s3-heltec-wmbus\libc7b\ESP8266SAM\reciter.c.o
Compiling .pio\build\tasmota32s3-heltec-wmbus\libc7b\ESP8266SAM\render.c.o
Compiling .pio\build\tasmota32s3-heltec-wmbus\libc7b\ESP8266SAM\sam.c.o
Archiving .pio\build\tasmota32s3-heltec-wmbus\lib6c6\libAdafruit_LED_Backpack-1.1.6.a
Compiling .pio\build\tasmota32s3-heltec-wmbus\lib325\ESPFtpServer\ESPFtpServer.cpp.o
Archiving .pio\build\tasmota32s3-heltec-wmbus\lib14e\libAdafruit_TSL2591.a
Archiving .pio\build\tasmota32s3-heltec-wmbus\lib188\libDHT-sensor-library.a
Compiling .pio\build\tasmota32s3-heltec-wmbus\lib5fd\FrogmoreScd30\FrogmoreScd30.cpp.o
Compiling .pio\build\tasmota32s3-heltec-wmbus\liba13\FrogmoreScd40\FrogmoreScd40.cpp.o
Archiving .pio\build\tasmota32s3-heltec-wmbus\lib3a4\libESP-Mail-Client.a
Archiving .pio\build\tasmota32s3-heltec-wmbus\libbe5\libAsyncUDP.a
Compiling .pio\build\tasmota32s3-heltec-wmbus\libd29\HPMA115S0\hpma115S0.cpp.o
In file included from include/tasmota_options.h:23,
                 from lib/lib_display/Display_Renderer-gemu-1.0/src/renderer.h:7,
                 from lib/lib_display/Display_Renderer-gemu-1.0/src/epdpaint.h:40,
                 from lib/lib_display/Display_Renderer-gemu-1.0/src/epdpaint.cpp:28:
include/../tasmota/my_user_config.h:585:9: warning: 'USE_MULTICAL21' redefined
  585 | #define USE_MULTICAL21                           // Add support for Kamstrup Multical21 / FlowIQ wM-Bus (C1) water meter via CC1101 on hardware SPI (+5k code)
      |         ^~~~~~~~~~~~~~
<command-line>: note: this is the location of the previous definition
Compiling .pio\build\tasmota32s3-heltec-wmbus\lib702\IRremoteESP8266\IRac.cpp.o
Compiling .pio\build\tasmota32s3-heltec-wmbus\lib702\IRremoteESP8266\IRrecv.cpp.o
Compiling .pio\build\tasmota32s3-heltec-wmbus\lib702\IRremoteESP8266\IRsend.cpp.o
Compiling .pio\build\tasmota32s3-heltec-wmbus\lib702\IRremoteESP8266\IRtext.cpp.o
Compiling .pio\build\tasmota32s3-heltec-wmbus\lib702\IRremoteESP8266\IRtimer.cpp.o
Compiling .pio\build\tasmota32s3-heltec-wmbus\lib702\IRremoteESP8266\IRutils.cpp.o
Archiving .pio\build\tasmota32s3-heltec-wmbus\lib7a4\libDS2480B.a
Compiling .pio\build\tasmota32s3-heltec-wmbus\lib702\IRremoteESP8266\ir_Airton.cpp.o
Compiling .pio\build\tasmota32s3-heltec-wmbus\lib702\IRremoteESP8266\ir_Airwell.cpp.o
In file included from include/tasmota_options.h:23,
                 from <command-line>:
include/../tasmota/my_user_config.h:585:9: warning: 'USE_MULTICAL21' redefined
  585 | #define USE_MULTICAL21                           // Add support for Kamstrup Multical21 / FlowIQ wM-Bus (C1) water meter via CC1101 on hardware SPI (+5k code)
      |         ^~~~~~~~~~~~~~
<command-line>: note: this is the location of the previous definition
In file included from include/tasmota_options.h:23,
                 from <command-line>:
include/../tasmota/my_user_config.h:585:9: warning: 'USE_MULTICAL21' redefined
  585 | #define USE_MULTICAL21                           // Add support for Kamstrup Multical21 / FlowIQ wM-Bus (C1) water meter via CC1101 on hardware SPI (+5k code)
      |         ^~~~~~~~~~~~~~
<command-line>: note: this is the location of the previous definition
Compiling .pio\build\tasmota32s3-heltec-wmbus\lib702\IRremoteESP8266\ir_Aiwa.cpp.o
In file included from include/tasmota_options.h:23,
                 from <command-line>:
include/../tasmota/my_user_config.h:585:9: warning: 'USE_MULTICAL21' redefined
  585 | #define USE_MULTICAL21                           // Add support for Kamstrup Multical21 / FlowIQ wM-Bus (C1) water meter via CC1101 on hardware SPI (+5k code)
      |         ^~~~~~~~~~~~~~
<command-line>: note: this is the location of the previous definition
In file included from include/tasmota_options.h:23,
                 from <command-line>:
include/../tasmota/my_user_config.h:585:9: warning: 'USE_MULTICAL21' redefined
  585 | #define USE_MULTICAL21                           // Add support for Kamstrup Multical21 / FlowIQ wM-Bus (C1) water meter via CC1101 on hardware SPI (+5k code)
      |         ^~~~~~~~~~~~~~
<command-line>: note: this is the location of the previous definition
In file included from include/tasmota_options.h:23,
                 from <command-line>:
include/../tasmota/my_user_config.h:585:9: warning: 'USE_MULTICAL21' redefined
  585 | #define USE_MULTICAL21                           // Add support for Kamstrup Multical21 / FlowIQ wM-Bus (C1) water meter via CC1101 on hardware SPI (+5k code)
      |         ^~~~~~~~~~~~~~
<command-line>: note: this is the location of the previous definition
In file included from include/tasmota_options.h:23,
                 from <command-line>:
include/../tasmota/my_user_config.h:585:9: warning: 'USE_MULTICAL21' redefined
  585 | #define USE_MULTICAL21                           // Add support for Kamstrup Multical21 / FlowIQ wM-Bus (C1) water meter via CC1101 on hardware SPI (+5k code)
      |         ^~~~~~~~~~~~~~
<command-line>: note: this is the location of the previous definition
In file included from include/tasmota_options.h:23,
                 from <command-line>:
include/../tasmota/my_user_config.h:585:9: warning: 'USE_MULTICAL21' redefined
  585 | #define USE_MULTICAL21                           // Add support for Kamstrup Multical21 / FlowIQ wM-Bus (C1) water meter via CC1101 on hardware SPI (+5k code)
      |         ^~~~~~~~~~~~~~
<command-line>: note: this is the location of the previous definition
In file included from include/tasmota_options.h:23,
                 from <command-line>:
include/../tasmota/my_user_config.h:585:9: warning: 'USE_MULTICAL21' redefined
  585 | #define USE_MULTICAL21                           // Add support for Kamstrup Multical21 / FlowIQ wM-Bus (C1) water meter via CC1101 on hardware SPI (+5k code)
      |         ^~~~~~~~~~~~~~
<command-line>: note: this is the location of the previous definition
In file included from include/tasmota_options.h:23,
                 from lib/lib_display/Display_Renderer-gemu-1.0/src/renderer.h:7,
                 from lib/lib_display/Display_Renderer-gemu-1.0/src/renderer.cpp:28:
include/../tasmota/my_user_config.h:585:9: warning: 'USE_MULTICAL21' redefined
  585 | #define USE_MULTICAL21                           // Add support for Kamstrup Multical21 / FlowIQ wM-Bus (C1) water meter via CC1101 on hardware SPI (+5k code)
      |         ^~~~~~~~~~~~~~
<command-line>: note: this is the location of the previous definition
In file included from include/tasmota_options.h:23,
                 from <command-line>:
include/../tasmota/my_user_config.h:585:9: warning: 'USE_MULTICAL21' redefined
  585 | #define USE_MULTICAL21                           // Add support for Kamstrup Multical21 / FlowIQ wM-Bus (C1) water meter via CC1101 on hardware SPI (+5k code)
      |         ^~~~~~~~~~~~~~
<command-line>: note: this is the location of the previous definition
Archiving .pio\build\tasmota32s3-heltec-wmbus\lib971\libDNSServer.a
Compiling .pio\build\tasmota32s3-heltec-wmbus\lib702\IRremoteESP8266\ir_Amcor.cpp.o
Archiving .pio\build\tasmota32s3-heltec-wmbus\lib797\libDisplay_Renderer-gemu-1.0.a
Archiving .pio\build\tasmota32s3-heltec-wmbus\libf25\libEEPROM.a
Compiling .pio\build\tasmota32s3-heltec-wmbus\lib702\IRremoteESP8266\ir_Argo.cpp.o
Compiling .pio\build\tasmota32s3-heltec-wmbus\lib702\IRremoteESP8266\ir_Arris.cpp.o
In file included from include/tasmota_options.h:23,
                 from <command-line>:
include/../tasmota/my_user_config.h:585:9: warning: 'USE_MULTICAL21' redefined
  585 | #define USE_MULTICAL21                           // Add support for Kamstrup Multical21 / FlowIQ wM-Bus (C1) water meter via CC1101 on hardware SPI (+5k code)
      |         ^~~~~~~~~~~~~~
<command-line>: note: this is the location of the previous definition
In file included from include/tasmota_options.h:23,
                 from <command-line>:
include/../tasmota/my_user_config.h:585:9: warning: 'USE_MULTICAL21' redefined
  585 | #define USE_MULTICAL21                           // Add support for Kamstrup Multical21 / FlowIQ wM-Bus (C1) water meter via CC1101 on hardware SPI (+5k code)
      |         ^~~~~~~~~~~~~~
<command-line>: note: this is the location of the previous definition
In file included from include/tasmota_options.h:23,
                 from <command-line>:
include/../tasmota/my_user_config.h:585:9: warning: 'USE_MULTICAL21' redefined
  585 | #define USE_MULTICAL21                           // Add support for Kamstrup Multical21 / FlowIQ wM-Bus (C1) water meter via CC1101 on hardware SPI (+5k code)
      |         ^~~~~~~~~~~~~~
<command-line>: note: this is the location of the previous definition
Archiving .pio\build\tasmota32s3-heltec-wmbus\libc7b\libESP8266SAM.a
Compiling .pio\build\tasmota32s3-heltec-wmbus\lib702\IRremoteESP8266\ir_BluestarHeavy.cpp.o
In file included from include/tasmota_options.h:23,
                 from <command-line>:
include/../tasmota/my_user_config.h:585:9: warning: 'USE_MULTICAL21' redefined
  585 | #define USE_MULTICAL21                           // Add support for Kamstrup Multical21 / FlowIQ wM-Bus (C1) water meter via CC1101 on hardware SPI (+5k code)
      |         ^~~~~~~~~~~~~~
<command-line>: note: this is the location of the previous definition
Archiving .pio\build\tasmota32s3-heltec-wmbus\lib5fd\libFrogmoreScd30.a
Archiving .pio\build\tasmota32s3-heltec-wmbus\liba13\libFrogmoreScd40.a
Archiving .pio\build\tasmota32s3-heltec-wmbus\libd29\libHPMA115S0.a
Compiling .pio\build\tasmota32s3-heltec-wmbus\lib702\IRremoteESP8266\ir_Bosch.cpp.o
Compiling .pio\build\tasmota32s3-heltec-wmbus\lib702\IRremoteESP8266\ir_Bose.cpp.o
Compiling .pio\build\tasmota32s3-heltec-wmbus\lib702\IRremoteESP8266\ir_Carrier.cpp.o
Compiling .pio\build\tasmota32s3-heltec-wmbus\lib702\IRremoteESP8266\ir_ClimaButler.cpp.o
Compiling .pio\build\tasmota32s3-heltec-wmbus\lib702\IRremoteESP8266\ir_Coolix.cpp.o
Compiling .pio\build\tasmota32s3-heltec-wmbus\lib702\IRremoteESP8266\ir_Corona.cpp.o
In file included from include/tasmota_options.h:23,
                 from <command-line>:
include/../tasmota/my_user_config.h:585:9: warning: 'USE_MULTICAL21' redefined
  585 | #define USE_MULTICAL21                           // Add support for Kamstrup Multical21 / FlowIQ wM-Bus (C1) water meter via CC1101 on hardware SPI (+5k code)
      |         ^~~~~~~~~~~~~~
<command-line>: note: this is the location of the previous definition
In file included from include/tasmota_options.h:23,
                 from <command-line>:
include/../tasmota/my_user_config.h:585:9: warning: 'USE_MULTICAL21' redefined
  585 | #define USE_MULTICAL21                           // Add support for Kamstrup Multical21 / FlowIQ wM-Bus (C1) water meter via CC1101 on hardware SPI (+5k code)
      |         ^~~~~~~~~~~~~~
<command-line>: note: this is the location of the previous definition
Compiling .pio\build\tasmota32s3-heltec-wmbus\lib702\IRremoteESP8266\ir_Daikin.cpp.o
Compiling .pio\build\tasmota32s3-heltec-wmbus\lib702\IRremoteESP8266\ir_Delonghi.cpp.o
In file included from include/tasmota_options.h:23,
                 from <command-line>:
include/../tasmota/my_user_config.h:585:9: warning: 'USE_MULTICAL21' redefined
  585 | #define USE_MULTICAL21                           // Add support for Kamstrup Multical21 / FlowIQ wM-Bus (C1) water meter via CC1101 on hardware SPI (+5k code)
      |         ^~~~~~~~~~~~~~
<command-line>: note: this is the location of the previous definition
Compiling .pio\build\tasmota32s3-heltec-wmbus\lib702\IRremoteESP8266\ir_Denon.cpp.o
Archiving .pio\build\tasmota32s3-heltec-wmbus\lib6a3\libesp-knx-ip-0.5.2.a
Compiling .pio\build\tasmota32s3-heltec-wmbus\lib702\IRremoteESP8266\ir_Dish.cpp.o
Compiling .pio\build\tasmota32s3-heltec-wmbus\lib702\IRremoteESP8266\ir_Doshisha.cpp.o
In file included from include/tasmota_options.h:23,
                 from <command-line>:
include/../tasmota/my_user_config.h:585:9: warning: 'USE_MULTICAL21' redefined
  585 | #define USE_MULTICAL21                           // Add support for Kamstrup Multical21 / FlowIQ wM-Bus (C1) water meter via CC1101 on hardware SPI (+5k code)
      |         ^~~~~~~~~~~~~~
<command-line>: note: this is the location of the previous definition
Compiling .pio\build\tasmota32s3-heltec-wmbus\lib702\IRremoteESP8266\ir_Ecoclim.cpp.o
In file included from include/tasmota_options.h:23,
                 from <command-line>:
include/../tasmota/my_user_config.h:585:9: warning: 'USE_MULTICAL21' redefined
  585 | #define USE_MULTICAL21                           // Add support for Kamstrup Multical21 / FlowIQ wM-Bus (C1) water meter via CC1101 on hardware SPI (+5k code)
      |         ^~~~~~~~~~~~~~
<command-line>: note: this is the location of the previous definition
Archiving .pio\build\tasmota32s3-heltec-wmbus\lib325\libESPFtpServer.a
Compiling .pio\build\tasmota32s3-heltec-wmbus\lib702\IRremoteESP8266\ir_Electra.cpp.o
In file included from include/tasmota_options.h:23,
                 from <command-line>:
include/../tasmota/my_user_config.h:585:9: warning: 'USE_MULTICAL21' redefined
  585 | #define USE_MULTICAL21                           // Add support for Kamstrup Multical21 / FlowIQ wM-Bus (C1) water meter via CC1101 on hardware SPI (+5k code)
      |         ^~~~~~~~~~~~~~
<command-line>: note: this is the location of the previous definition
Compiling .pio\build\tasmota32s3-heltec-wmbus\lib702\IRremoteESP8266\ir_EliteScreens.cpp.o
Compiling .pio\build\tasmota32s3-heltec-wmbus\lib702\IRremoteESP8266\ir_Epson.cpp.o
Compiling .pio\build\tasmota32s3-heltec-wmbus\lib702\IRremoteESP8266\ir_Eurom.cpp.o
In file included from include/tasmota_options.h:23,
                 from <command-line>:
include/../tasmota/my_user_config.h:585:9: warning: 'USE_MULTICAL21' redefined
  585 | #define USE_MULTICAL21                           // Add support for Kamstrup Multical21 / FlowIQ wM-Bus (C1) water meter via CC1101 on hardware SPI (+5k code)
      |         ^~~~~~~~~~~~~~
<command-line>: note: this is the location of the previous definition
In file included from include/tasmota_options.h:23,
                 from <command-line>:
include/../tasmota/my_user_config.h:585:9: warning: 'USE_MULTICAL21' redefined
  585 | #define USE_MULTICAL21                           // Add support for Kamstrup Multical21 / FlowIQ wM-Bus (C1) water meter via CC1101 on hardware SPI (+5k code)
      |         ^~~~~~~~~~~~~~
<command-line>: note: this is the location of the previous definition
Compiling .pio\build\tasmota32s3-heltec-wmbus\lib702\IRremoteESP8266\ir_Fujitsu.cpp.o
In file included from include/tasmota_options.h:23,
                 from <command-line>:
include/../tasmota/my_user_config.h:585:9: warning: 'USE_MULTICAL21' redefined
  585 | #define USE_MULTICAL21                           // Add support for Kamstrup Multical21 / FlowIQ wM-Bus (C1) water meter via CC1101 on hardware SPI (+5k code)
      |         ^~~~~~~~~~~~~~
<command-line>: note: this is the location of the previous definition
In file included from include/tasmota_options.h:23,
                 from <command-line>:
include/../tasmota/my_user_config.h:585:9: warning: 'USE_MULTICAL21' redefined
  585 | #define USE_MULTICAL21                           // Add support for Kamstrup Multical21 / FlowIQ wM-Bus (C1) water meter via CC1101 on hardware SPI (+5k code)
      |         ^~~~~~~~~~~~~~
<command-line>: note: this is the location of the previous definition
In file included from include/tasmota_options.h:23,
                 from <command-line>:
include/../tasmota/my_user_config.h:585:9: warning: 'USE_MULTICAL21' redefined
  585 | #define USE_MULTICAL21                           // Add support for Kamstrup Multical21 / FlowIQ wM-Bus (C1) water meter via CC1101 on hardware SPI (+5k code)
      |         ^~~~~~~~~~~~~~
<command-line>: note: this is the location of the previous definition
In file included from include/tasmota_options.h:23,
                 from <command-line>:
include/../tasmota/my_user_config.h:585:9: warning: 'USE_MULTICAL21' redefined
  585 | #define USE_MULTICAL21                           // Add support for Kamstrup Multical21 / FlowIQ wM-Bus (C1) water meter via CC1101 on hardware SPI (+5k code)
      |         ^~~~~~~~~~~~~~
<command-line>: note: this is the location of the previous definition
In file included from include/tasmota_options.h:23,
                 from <command-line>:
include/../tasmota/my_user_config.h:585:9: warning: 'USE_MULTICAL21' redefined
  585 | #define USE_MULTICAL21                           // Add support for Kamstrup Multical21 / FlowIQ wM-Bus (C1) water meter via CC1101 on hardware SPI (+5k code)
      |         ^~~~~~~~~~~~~~
<command-line>: note: this is the location of the previous definition
In file included from include/tasmota_options.h:23,
                 from <command-line>:
include/../tasmota/my_user_config.h:585:9: warning: 'USE_MULTICAL21' redefined
  585 | #define USE_MULTICAL21                           // Add support for Kamstrup Multical21 / FlowIQ wM-Bus (C1) water meter via CC1101 on hardware SPI (+5k code)
      |         ^~~~~~~~~~~~~~
<command-line>: note: this is the location of the previous definition
In file included from include/tasmota_options.h:23,
                 from <command-line>:
include/../tasmota/my_user_config.h:585:9: warning: 'USE_MULTICAL21' redefined
  585 | #define USE_MULTICAL21                           // Add support for Kamstrup Multical21 / FlowIQ wM-Bus (C1) water meter via CC1101 on hardware SPI (+5k code)
      |         ^~~~~~~~~~~~~~
<command-line>: note: this is the location of the previous definition
In file included from include/tasmota_options.h:23,
                 from <command-line>:
include/../tasmota/my_user_config.h:585:9: warning: 'USE_MULTICAL21' redefined
  585 | #define USE_MULTICAL21                           // Add support for Kamstrup Multical21 / FlowIQ wM-Bus (C1) water meter via CC1101 on hardware SPI (+5k code)
      |         ^~~~~~~~~~~~~~
<command-line>: note: this is the location of the previous definition
In file included from include/tasmota_options.h:23,
                 from <command-line>:
include/../tasmota/my_user_config.h:585:9: warning: 'USE_MULTICAL21' redefined
  585 | #define USE_MULTICAL21                           // Add support for Kamstrup Multical21 / FlowIQ wM-Bus (C1) water meter via CC1101 on hardware SPI (+5k code)
      |         ^~~~~~~~~~~~~~
<command-line>: note: this is the location of the previous definition
Compiling .pio\build\tasmota32s3-heltec-wmbus\lib702\IRremoteESP8266\ir_GICable.cpp.o
Compiling .pio\build\tasmota32s3-heltec-wmbus\lib702\IRremoteESP8266\ir_GlobalCache.cpp.o
Compiling .pio\build\tasmota32s3-heltec-wmbus\lib702\IRremoteESP8266\ir_Goodweather.cpp.o
In file included from include/tasmota_options.h:23,
                 from <command-line>:
include/../tasmota/my_user_config.h:585:9: warning: 'USE_MULTICAL21' redefined
  585 | #define USE_MULTICAL21                           // Add support for Kamstrup Multical21 / FlowIQ wM-Bus (C1) water meter via CC1101 on hardware SPI (+5k code)
      |         ^~~~~~~~~~~~~~
<command-line>: note: this is the location of the previous definition
Compiling .pio\build\tasmota32s3-heltec-wmbus\lib702\IRremoteESP8266\ir_Gorenje.cpp.o
In file included from include/tasmota_options.h:23,
                 from <command-line>:
include/../tasmota/my_user_config.h:585:9: warning: 'USE_MULTICAL21' redefined
  585 | #define USE_MULTICAL21                           // Add support for Kamstrup Multical21 / FlowIQ wM-Bus (C1) water meter via CC1101 on hardware SPI (+5k code)
      |         ^~~~~~~~~~~~~~
<command-line>: note: this is the location of the previous definition
Compiling .pio\build\tasmota32s3-heltec-wmbus\lib702\IRremoteESP8266\ir_Gree.cpp.o
In file included from include/tasmota_options.h:23,
                 from <command-line>:
include/../tasmota/my_user_config.h:585:9: warning: 'USE_MULTICAL21' redefined
  585 | #define USE_MULTICAL21                           // Add support for Kamstrup Multical21 / FlowIQ wM-Bus (C1) water meter via CC1101 on hardware SPI (+5k code)
      |         ^~~~~~~~~~~~~~
<command-line>: note: this is the location of the previous definition
In file included from include/tasmota_options.h:23,
                 from <command-line>:
include/../tasmota/my_user_config.h:585:9: warning: 'USE_MULTICAL21' redefined
  585 | #define USE_MULTICAL21                           // Add support for Kamstrup Multical21 / FlowIQ wM-Bus (C1) water meter via CC1101 on hardware SPI (+5k code)
      |         ^~~~~~~~~~~~~~
<command-line>: note: this is the location of the previous definition
In file included from include/tasmota_options.h:23,
                 from <command-line>:
include/../tasmota/my_user_config.h:585:9: warning: 'USE_MULTICAL21' redefined
  585 | #define USE_MULTICAL21                           // Add support for Kamstrup Multical21 / FlowIQ wM-Bus (C1) water meter via CC1101 on hardware SPI (+5k code)
      |         ^~~~~~~~~~~~~~
<command-line>: note: this is the location of the previous definition
Compiling .pio\build\tasmota32s3-heltec-wmbus\lib702\IRremoteESP8266\ir_Haier.cpp.o
Compiling .pio\build\tasmota32s3-heltec-wmbus\lib702\IRremoteESP8266\ir_Hitachi.cpp.o
Compiling .pio\build\tasmota32s3-heltec-wmbus\lib702\IRremoteESP8266\ir_Inax.cpp.o
Compiling .pio\build\tasmota32s3-heltec-wmbus\lib702\IRremoteESP8266\ir_JVC.cpp.o
Compiling .pio\build\tasmota32s3-heltec-wmbus\lib702\IRremoteESP8266\ir_Kelon.cpp.o
Compiling .pio\build\tasmota32s3-heltec-wmbus\lib702\IRremoteESP8266\ir_Kelvinator.cpp.o
Compiling .pio\build\tasmota32s3-heltec-wmbus\lib702\IRremoteESP8266\ir_LG.cpp.o
Compiling .pio\build\tasmota32s3-heltec-wmbus\lib702\IRremoteESP8266\ir_Lasertag.cpp.o
Compiling .pio\build\tasmota32s3-heltec-wmbus\lib702\IRremoteESP8266\ir_Lego.cpp.o
Compiling .pio\build\tasmota32s3-heltec-wmbus\lib702\IRremoteESP8266\ir_Lutron.cpp.o
In file included from include/tasmota_options.h:23,
                 from <command-line>:
include/../tasmota/my_user_config.h:585:9: warning: 'USE_MULTICAL21' redefined
  585 | #define USE_MULTICAL21                           // Add support for Kamstrup Multical21 / FlowIQ wM-Bus (C1) water meter via CC1101 on hardware SPI (+5k code)
      |         ^~~~~~~~~~~~~~
<command-line>: note: this is the location of the previous definition
In file included from include/tasmota_options.h:23,
                 from <command-line>:
include/../tasmota/my_user_config.h:585:9: warning: 'USE_MULTICAL21' redefined
  585 | #define USE_MULTICAL21                           // Add support for Kamstrup Multical21 / FlowIQ wM-Bus (C1) water meter via CC1101 on hardware SPI (+5k code)
      |         ^~~~~~~~~~~~~~
<command-line>: note: this is the location of the previous definition
In file included from include/tasmota_options.h:23,
                 from <command-line>:
include/../tasmota/my_user_config.h:585:9: warning: 'USE_MULTICAL21' redefined
  585 | #define USE_MULTICAL21                           // Add support for Kamstrup Multical21 / FlowIQ wM-Bus (C1) water meter via CC1101 on hardware SPI (+5k code)
      |         ^~~~~~~~~~~~~~
<command-line>: note: this is the location of the previous definition
Compiling .pio\build\tasmota32s3-heltec-wmbus\lib702\IRremoteESP8266\ir_MWM.cpp.o
In file included from include/tasmota_options.h:23,
                 from <command-line>:
include/../tasmota/my_user_config.h:585:9: warning: 'USE_MULTICAL21' redefined
  585 | #define USE_MULTICAL21                           // Add support for Kamstrup Multical21 / FlowIQ wM-Bus (C1) water meter via CC1101 on hardware SPI (+5k code)
      |         ^~~~~~~~~~~~~~
<command-line>: note: this is the location of the previous definition
Compiling .pio\build\tasmota32s3-heltec-wmbus\lib702\IRremoteESP8266\ir_Magiquest.cpp.o
Compiling .pio\build\tasmota32s3-heltec-wmbus\lib702\IRremoteESP8266\ir_Metz.cpp.o
Compiling .pio\build\tasmota32s3-heltec-wmbus\lib702\IRremoteESP8266\ir_Midea.cpp.o
In file included from include/tasmota_options.h:23,
                 from <command-line>:
include/../tasmota/my_user_config.h:585:9: warning: 'USE_MULTICAL21' redefined
  585 | #define USE_MULTICAL21                           // Add support for Kamstrup Multical21 / FlowIQ wM-Bus (C1) water meter via CC1101 on hardware SPI (+5k code)
      |         ^~~~~~~~~~~~~~
<command-line>: note: this is the location of the previous definition
In file included from include/tasmota_options.h:23,
                 from <command-line>:
include/../tasmota/my_user_config.h:585:9: warning: 'USE_MULTICAL21' redefined
  585 | #define USE_MULTICAL21                           // Add support for Kamstrup Multical21 / FlowIQ wM-Bus (C1) water meter via CC1101 on hardware SPI (+5k code)
      |         ^~~~~~~~~~~~~~
<command-line>: note: this is the location of the previous definition
In file included from include/tasmota_options.h:23,
                 from <command-line>:
include/../tasmota/my_user_config.h:585:9: warning: 'USE_MULTICAL21' redefined
  585 | #define USE_MULTICAL21                           // Add support for Kamstrup Multical21 / FlowIQ wM-Bus (C1) water meter via CC1101 on hardware SPI (+5k code)
      |         ^~~~~~~~~~~~~~
<command-line>: note: this is the location of the previous definition
In file included from include/tasmota_options.h:23,
                 from <command-line>:
include/../tasmota/my_user_config.h:585:9: warning: 'USE_MULTICAL21' redefined
  585 | #define USE_MULTICAL21                           // Add support for Kamstrup Multical21 / FlowIQ wM-Bus (C1) water meter via CC1101 on hardware SPI (+5k code)
      |         ^~~~~~~~~~~~~~
<command-line>: note: this is the location of the previous definition
In file included from include/tasmota_options.h:23,
                 from <command-line>:
include/../tasmota/my_user_config.h:585:9: warning: 'USE_MULTICAL21' redefined
  585 | #define USE_MULTICAL21                           // Add support for Kamstrup Multical21 / FlowIQ wM-Bus (C1) water meter via CC1101 on hardware SPI (+5k code)
      |         ^~~~~~~~~~~~~~
<command-line>: note: this is the location of the previous definition
Compiling .pio\build\tasmota32s3-heltec-wmbus\lib702\IRremoteESP8266\ir_MilesTag2.cpp.o
In file included from include/tasmota_options.h:23,
                 from <command-line>:
include/../tasmota/my_user_config.h:585:9: warning: 'USE_MULTICAL21' redefined
  585 | #define USE_MULTICAL21                           // Add support for Kamstrup Multical21 / FlowIQ wM-Bus (C1) water meter via CC1101 on hardware SPI (+5k code)
      |         ^~~~~~~~~~~~~~
<command-line>: note: this is the location of the previous definition
In file included from include/tasmota_options.h:23,
                 from <command-line>:
include/../tasmota/my_user_config.h:585:9: warning: 'USE_MULTICAL21' redefined
Compiling .pio\build\tasmota32s3-heltec-wmbus\lib702\IRremoteESP8266\ir_Mirage.cpp.o
  585 | #define USE_MULTICAL21                           // Add support for Kamstrup Multical21 / FlowIQ wM-Bus (C1) water meter via CC1101 on hardware SPI (+5k code)
      |         ^~~~~~~~~~~~~~
<command-line>: note: this is the location of the previous definition
Compiling .pio\build\tasmota32s3-heltec-wmbus\lib702\IRremoteESP8266\ir_Mitsubishi.cpp.o
Compiling .pio\build\tasmota32s3-heltec-wmbus\lib702\IRremoteESP8266\ir_MitsubishiHeavy.cpp.o
In file included from include/tasmota_options.h:23,
                 from <command-line>:
include/../tasmota/my_user_config.h:585:9: warning: 'USE_MULTICAL21' redefined
  585 | #define USE_MULTICAL21                           // Add support for Kamstrup Multical21 / FlowIQ wM-Bus (C1) water meter via CC1101 on hardware SPI (+5k code)
      |         ^~~~~~~~~~~~~~
<command-line>: note: this is the location of the previous definition
In file included from include/tasmota_options.h:23,
                 from <command-line>:
include/../tasmota/my_user_config.h:585:9: warning: 'USE_MULTICAL21' redefined
  585 | #define USE_MULTICAL21                           // Add support for Kamstrup Multical21 / FlowIQ wM-Bus (C1) water meter via CC1101 on hardware SPI (+5k code)
      |         ^~~~~~~~~~~~~~
<command-line>: note: this is the location of the previous definition
In file included from include/tasmota_options.h:23,
                 from <command-line>:
include/../tasmota/my_user_config.h:585:9: warning: 'USE_MULTICAL21' redefined
  585 | #define USE_MULTICAL21                           // Add support for Kamstrup Multical21 / FlowIQ wM-Bus (C1) water meter via CC1101 on hardware SPI (+5k code)
      |         ^~~~~~~~~~~~~~
<command-line>: note: this is the location of the previous definition
In file included from include/tasmota_options.h:23,
                 from <command-line>:
include/../tasmota/my_user_config.h:585:9: warning: 'USE_MULTICAL21' redefined
  585 | #define USE_MULTICAL21                           // Add support for Kamstrup Multical21 / FlowIQ wM-Bus (C1) water meter via CC1101 on hardware SPI (+5k code)
      |         ^~~~~~~~~~~~~~
<command-line>: note: this is the location of the previous definition
In file included from include/tasmota_options.h:23,
                 from <command-line>:
include/../tasmota/my_user_config.h:585:9: warning: 'USE_MULTICAL21' redefined
  585 | #define USE_MULTICAL21                           // Add support for Kamstrup Multical21 / FlowIQ wM-Bus (C1) water meter via CC1101 on hardware SPI (+5k code)
      |         ^~~~~~~~~~~~~~
<command-line>: note: this is the location of the previous definition
In file included from include/tasmota_options.h:23,
                 from <command-line>:
include/../tasmota/my_user_config.h:585:9: warning: 'USE_MULTICAL21' redefined
  585 | #define USE_MULTICAL21                           // Add support for Kamstrup Multical21 / FlowIQ wM-Bus (C1) water meter via CC1101 on hardware SPI (+5k code)
      |         ^~~~~~~~~~~~~~
<command-line>: note: this is the location of the previous definition
In file included from include/tasmota_options.h:23,
                 from <command-line>:
include/../tasmota/my_user_config.h:585:9: warning: 'USE_MULTICAL21' redefined
  585 | #define USE_MULTICAL21                           // Add support for Kamstrup Multical21 / FlowIQ wM-Bus (C1) water meter via CC1101 on hardware SPI (+5k code)
      |         ^~~~~~~~~~~~~~
<command-line>: note: this is the location of the previous definition
Compiling .pio\build\tasmota32s3-heltec-wmbus\lib702\IRremoteESP8266\ir_Multibrackets.cpp.o
In file included from include/tasmota_options.h:23,
                 from <command-line>:
include/../tasmota/my_user_config.h:585:9: warning: 'USE_MULTICAL21' redefined
  585 | #define USE_MULTICAL21                           // Add support for Kamstrup Multical21 / FlowIQ wM-Bus (C1) water meter via CC1101 on hardware SPI (+5k code)
      |         ^~~~~~~~~~~~~~
<command-line>: note: this is the location of the previous definition
Compiling .pio\build\tasmota32s3-heltec-wmbus\lib702\IRremoteESP8266\ir_NEC.cpp.o
Compiling .pio\build\tasmota32s3-heltec-wmbus\lib702\IRremoteESP8266\ir_Neoclima.cpp.o
Compiling .pio\build\tasmota32s3-heltec-wmbus\lib702\IRremoteESP8266\ir_Nikai.cpp.o
In file included from include/tasmota_options.h:23,
                 from <command-line>:
include/../tasmota/my_user_config.h:585:9: warning: 'USE_MULTICAL21' redefined
  585 | #define USE_MULTICAL21                           // Add support for Kamstrup Multical21 / FlowIQ wM-Bus (C1) water meter via CC1101 on hardware SPI (+5k code)
      |         ^~~~~~~~~~~~~~
<command-line>: note: this is the location of the previous definition
In file included from include/tasmota_options.h:23,
                 from <command-line>:
include/../tasmota/my_user_config.h:585:9: warning: 'USE_MULTICAL21' redefined
  585 | #define USE_MULTICAL21                           // Add support for Kamstrup Multical21 / FlowIQ wM-Bus (C1) water meter via CC1101 on hardware SPI (+5k code)
      |         ^~~~~~~~~~~~~~
<command-line>: note: this is the location of the previous definition
In file included from include/tasmota_options.h:23,
                 from <command-line>:
include/../tasmota/my_user_config.h:585:9: warning: 'USE_MULTICAL21' redefined
  585 | #define USE_MULTICAL21                           // Add support for Kamstrup Multical21 / FlowIQ wM-Bus (C1) water meter via CC1101 on hardware SPI (+5k code)
      |         ^~~~~~~~~~~~~~
<command-line>: note: this is the location of the previous definition
Compiling .pio\build\tasmota32s3-heltec-wmbus\lib702\IRremoteESP8266\ir_Panasonic.cpp.o
Compiling .pio\build\tasmota32s3-heltec-wmbus\lib702\IRremoteESP8266\ir_Pioneer.cpp.o
Compiling .pio\build\tasmota32s3-heltec-wmbus\lib702\IRremoteESP8266\ir_Pronto.cpp.o
Compiling .pio\build\tasmota32s3-heltec-wmbus\lib702\IRremoteESP8266\ir_RC5_RC6.cpp.o
Compiling .pio\build\tasmota32s3-heltec-wmbus\lib702\IRremoteESP8266\ir_RCMM.cpp.o
Compiling .pio\build\tasmota32s3-heltec-wmbus\lib702\IRremoteESP8266\ir_Rhoss.cpp.o
Compiling .pio\build\tasmota32s3-heltec-wmbus\lib702\IRremoteESP8266\ir_Samsung.cpp.o
Compiling .pio\build\tasmota32s3-heltec-wmbus\lib702\IRremoteESP8266\ir_Sanyo.cpp.o
In file included from include/tasmota_options.h:23,
                 from <command-line>:
include/../tasmota/my_user_config.h:585:9: warning: 'USE_MULTICAL21' redefined
  585 | #define USE_MULTICAL21                           // Add support for Kamstrup Multical21 / FlowIQ wM-Bus (C1) water meter via CC1101 on hardware SPI (+5k code)
      |         ^~~~~~~~~~~~~~
<command-line>: note: this is the location of the previous definition
Compiling .pio\build\tasmota32s3-heltec-wmbus\lib702\IRremoteESP8266\ir_Sharp.cpp.o
In file included from include/tasmota_options.h:23,
                 from <command-line>:
include/../tasmota/my_user_config.h:585:9: warning: 'USE_MULTICAL21' redefined
  585 | #define USE_MULTICAL21                           // Add support for Kamstrup Multical21 / FlowIQ wM-Bus (C1) water meter via CC1101 on hardware SPI (+5k code)
      |         ^~~~~~~~~~~~~~
<command-line>: note: this is the location of the previous definition
Compiling .pio\build\tasmota32s3-heltec-wmbus\lib702\IRremoteESP8266\ir_Sherwood.cpp.o
Compiling .pio\build\tasmota32s3-heltec-wmbus\lib702\IRremoteESP8266\ir_Sony.cpp.o
In file included from include/tasmota_options.h:23,
                 from <command-line>:
include/../tasmota/my_user_config.h:585:9: warning: 'USE_MULTICAL21' redefined
  585 | #define USE_MULTICAL21                           // Add support for Kamstrup Multical21 / FlowIQ wM-Bus (C1) water meter via CC1101 on hardware SPI (+5k code)
      |         ^~~~~~~~~~~~~~
<command-line>: note: this is the location of the previous definition
Compiling .pio\build\tasmota32s3-heltec-wmbus\lib702\IRremoteESP8266\ir_Symphony.cpp.o
Compiling .pio\build\tasmota32s3-heltec-wmbus\lib702\IRremoteESP8266\ir_Tcl.cpp.o
In file included from include/tasmota_options.h:23,
                 from <command-line>:
include/../tasmota/my_user_config.h:585:9: warning: 'USE_MULTICAL21' redefined
  585 | #define USE_MULTICAL21                           // Add support for Kamstrup Multical21 / FlowIQ wM-Bus (C1) water meter via CC1101 on hardware SPI (+5k code)
      |         ^~~~~~~~~~~~~~
<command-line>: note: this is the location of the previous definition
Compiling .pio\build\tasmota32s3-heltec-wmbus\lib702\IRremoteESP8266\ir_Technibel.cpp.o
In file included from include/tasmota_options.h:23,
                 from <command-line>:
include/../tasmota/my_user_config.h:585:9: warning: 'USE_MULTICAL21' redefined
  585 | #define USE_MULTICAL21                           // Add support for Kamstrup Multical21 / FlowIQ wM-Bus (C1) water meter via CC1101 on hardware SPI (+5k code)
      |         ^~~~~~~~~~~~~~
<command-line>: note: this is the location of the previous definition
In file included from include/tasmota_options.h:23,
                 from <command-line>:
include/../tasmota/my_user_config.h:585:9: warning: 'USE_MULTICAL21' redefined
  585 | #define USE_MULTICAL21                           // Add support for Kamstrup Multical21 / FlowIQ wM-Bus (C1) water meter via CC1101 on hardware SPI (+5k code)
      |         ^~~~~~~~~~~~~~
<command-line>: note: this is the location of the previous definition
Compiling .pio\build\tasmota32s3-heltec-wmbus\lib702\IRremoteESP8266\ir_Teco.cpp.o
In file included from include/tasmota_options.h:23,
                 from <command-line>:
include/../tasmota/my_user_config.h:585:9: warning: 'USE_MULTICAL21' redefined
  585 | #define USE_MULTICAL21                           // Add support for Kamstrup Multical21 / FlowIQ wM-Bus (C1) water meter via CC1101 on hardware SPI (+5k code)
      |         ^~~~~~~~~~~~~~
<command-line>: note: this is the location of the previous definition
In file included from include/tasmota_options.h:23,
                 from <command-line>:
include/../tasmota/my_user_config.h:585:9: warning: 'USE_MULTICAL21' redefined
  585 | #define USE_MULTICAL21                           // Add support for Kamstrup Multical21 / FlowIQ wM-Bus (C1) water meter via CC1101 on hardware SPI (+5k code)
      |         ^~~~~~~~~~~~~~
<command-line>: note: this is the location of the previous definition
Compiling .pio\build\tasmota32s3-heltec-wmbus\lib702\IRremoteESP8266\ir_Toshiba.cpp.o
Compiling .pio\build\tasmota32s3-heltec-wmbus\lib702\IRremoteESP8266\ir_Teknopoint.cpp.o
In file included from include/tasmota_options.h:23,
                 from <command-line>:
include/../tasmota/my_user_config.h:585:9: warning: 'USE_MULTICAL21' redefined
  585 | #define USE_MULTICAL21                           // Add support for Kamstrup Multical21 / FlowIQ wM-Bus (C1) water meter via CC1101 on hardware SPI (+5k code)
      |         ^~~~~~~~~~~~~~
<command-line>: note: this is the location of the previous definition
In file included from include/tasmota_options.h:23,
                 from <command-line>:
include/../tasmota/my_user_config.h:585:9: warning: 'USE_MULTICAL21' redefined
  585 | #define USE_MULTICAL21                           // Add support for Kamstrup Multical21 / FlowIQ wM-Bus (C1) water meter via CC1101 on hardware SPI (+5k code)
      |         ^~~~~~~~~~~~~~
<command-line>: note: this is the location of the previous definition
Compiling .pio\build\tasmota32s3-heltec-wmbus\lib702\IRremoteESP8266\ir_Toto.cpp.o
In file included from include/tasmota_options.h:23,
                 from <command-line>:
include/../tasmota/my_user_config.h:585:9: warning: 'USE_MULTICAL21' redefined
  585 | #define USE_MULTICAL21                           // Add support for Kamstrup Multical21 / FlowIQ wM-Bus (C1) water meter via CC1101 on hardware SPI (+5k code)
      |         ^~~~~~~~~~~~~~
<command-line>: note: this is the location of the previous definition
In file included from include/tasmota_options.h:23,
                 from <command-line>:
include/../tasmota/my_user_config.h:585:9: warning: 'USE_MULTICAL21' redefined
  585 | #define USE_MULTICAL21                           // Add support for Kamstrup Multical21 / FlowIQ wM-Bus (C1) water meter via CC1101 on hardware SPI (+5k code)
      |         ^~~~~~~~~~~~~~
<command-line>: note: this is the location of the previous definition
In file included from include/tasmota_options.h:23,
                 from <command-line>:
include/../tasmota/my_user_config.h:585:9: warning: 'USE_MULTICAL21' redefined
  585 | #define USE_MULTICAL21                           // Add support for Kamstrup Multical21 / FlowIQ wM-Bus (C1) water meter via CC1101 on hardware SPI (+5k code)
      |         ^~~~~~~~~~~~~~
<command-line>: note: this is the location of the previous definition
In file included from include/tasmota_options.h:23,
                 from <command-line>:
include/../tasmota/my_user_config.h:585:9: warning: 'USE_MULTICAL21' redefined
  585 | #define USE_MULTICAL21                           // Add support for Kamstrup Multical21 / FlowIQ wM-Bus (C1) water meter via CC1101 on hardware SPI (+5k code)
      |         ^~~~~~~~~~~~~~
<command-line>: note: this is the location of the previous definition
In file included from include/tasmota_options.h:23,
                 from <command-line>:
include/../tasmota/my_user_config.h:585:9: warning: 'USE_MULTICAL21' redefined
  585 | #define USE_MULTICAL21                           // Add support for Kamstrup Multical21 / FlowIQ wM-Bus (C1) water meter via CC1101 on hardware SPI (+5k code)
      |         ^~~~~~~~~~~~~~
<command-line>: note: this is the location of the previous definition
In file included from include/tasmota_options.h:23,
                 from <command-line>:
include/../tasmota/my_user_config.h:585:9: warning: 'USE_MULTICAL21' redefined
  585 | #define USE_MULTICAL21                           // Add support for Kamstrup Multical21 / FlowIQ wM-Bus (C1) water meter via CC1101 on hardware SPI (+5k code)
      |         ^~~~~~~~~~~~~~
<command-line>: note: this is the location of the previous definition
In file included from include/tasmota_options.h:23,
                 from <command-line>:
include/../tasmota/my_user_config.h:585:9: warning: 'USE_MULTICAL21' redefined
  585 | #define USE_MULTICAL21                           // Add support for Kamstrup Multical21 / FlowIQ wM-Bus (C1) water meter via CC1101 on hardware SPI (+5k code)
      |         ^~~~~~~~~~~~~~
<command-line>: note: this is the location of the previous definition
In file included from include/tasmota_options.h:23,
                 from <command-line>:
include/../tasmota/my_user_config.h:585:9: warning: 'USE_MULTICAL21' redefined
  585 | #define USE_MULTICAL21                           // Add support for Kamstrup Multical21 / FlowIQ wM-Bus (C1) water meter via CC1101 on hardware SPI (+5k code)
      |         ^~~~~~~~~~~~~~
<command-line>: note: this is the location of the previous definition
Compiling .pio\build\tasmota32s3-heltec-wmbus\lib702\IRremoteESP8266\ir_Transcold.cpp.o
Compiling .pio\build\tasmota32s3-heltec-wmbus\lib702\IRremoteESP8266\ir_Trotec.cpp.o
In file included from include/tasmota_options.h:23,
                 from <command-line>:
include/../tasmota/my_user_config.h:585:9: warning: 'USE_MULTICAL21' redefined
  585 | #define USE_MULTICAL21                           // Add support for Kamstrup Multical21 / FlowIQ wM-Bus (C1) water meter via CC1101 on hardware SPI (+5k code)
      |         ^~~~~~~~~~~~~~
<command-line>: note: this is the location of the previous definition
In file included from include/tasmota_options.h:23,
                 from <command-line>:
include/../tasmota/my_user_config.h:585:9: warning: 'USE_MULTICAL21' redefined
  585 | #define USE_MULTICAL21                           // Add support for Kamstrup Multical21 / FlowIQ wM-Bus (C1) water meter via CC1101 on hardware SPI (+5k code)
      |         ^~~~~~~~~~~~~~
<command-line>: note: this is the location of the previous definition
Compiling .pio\build\tasmota32s3-heltec-wmbus\lib702\IRremoteESP8266\ir_Truma.cpp.o
Compiling .pio\build\tasmota32s3-heltec-wmbus\lib702\IRremoteESP8266\ir_Vestel.cpp.o
Compiling .pio\build\tasmota32s3-heltec-wmbus\lib702\IRremoteESP8266\ir_Voltas.cpp.o
Compiling .pio\build\tasmota32s3-heltec-wmbus\lib702\IRremoteESP8266\ir_Whirlpool.cpp.o
In file included from include/tasmota_options.h:23,
                 from <command-line>:
include/../tasmota/my_user_config.h:585:9: warning: 'USE_MULTICAL21' redefined
  585 | #define USE_MULTICAL21                           // Add support for Kamstrup Multical21 / FlowIQ wM-Bus (C1) water meter via CC1101 on hardware SPI (+5k code)
      |         ^~~~~~~~~~~~~~
<command-line>: note: this is the location of the previous definition
In file included from include/tasmota_options.h:23,
                 from <command-line>:
include/../tasmota/my_user_config.h:585:9: warning: 'USE_MULTICAL21' redefined
  585 | #define USE_MULTICAL21                           // Add support for Kamstrup Multical21 / FlowIQ wM-Bus (C1) water meter via CC1101 on hardware SPI (+5k code)
      |         ^~~~~~~~~~~~~~
<command-line>: note: this is the location of the previous definition
In file included from include/tasmota_options.h:23,
                 from <command-line>:
include/../tasmota/my_user_config.h:585:9: warning: 'USE_MULTICAL21' redefined
  585 | #define USE_MULTICAL21                           // Add support for Kamstrup Multical21 / FlowIQ wM-Bus (C1) water meter via CC1101 on hardware SPI (+5k code)
      |         ^~~~~~~~~~~~~~
<command-line>: note: this is the location of the previous definition
In file included from include/tasmota_options.h:23,
                 from <command-line>:
include/../tasmota/my_user_config.h:585:9: warning: 'USE_MULTICAL21' redefined
  585 | #define USE_MULTICAL21                           // Add support for Kamstrup Multical21 / FlowIQ wM-Bus (C1) water meter via CC1101 on hardware SPI (+5k code)
      |         ^~~~~~~~~~~~~~
<command-line>: note: this is the location of the previous definition
Compiling .pio\build\tasmota32s3-heltec-wmbus\lib702\IRremoteESP8266\ir_Whynter.cpp.o
Compiling .pio\build\tasmota32s3-heltec-wmbus\lib702\IRremoteESP8266\ir_Wowwee.cpp.o
Compiling .pio\build\tasmota32s3-heltec-wmbus\lib702\IRremoteESP8266\ir_Xmp.cpp.o
Compiling .pio\build\tasmota32s3-heltec-wmbus\lib702\IRremoteESP8266\ir_York.cpp.o
Compiling .pio\build\tasmota32s3-heltec-wmbus\lib702\IRremoteESP8266\ir_Zepeal.cpp.o
In file included from include/tasmota_options.h:23,
                 from <command-line>:
include/../tasmota/my_user_config.h:585:9: warning: 'USE_MULTICAL21' redefined
  585 | #define USE_MULTICAL21                           // Add support for Kamstrup Multical21 / FlowIQ wM-Bus (C1) water meter via CC1101 on hardware SPI (+5k code)
      |         ^~~~~~~~~~~~~~
<command-line>: note: this is the location of the previous definition
Compiling .pio\build\tasmota32s3-heltec-wmbus\libb78\jsmn-shadinger-1.0\JsonGenerator.cpp.o
Compiling .pio\build\tasmota32s3-heltec-wmbus\libb78\jsmn-shadinger-1.0\JsonParser.cpp.o
Compiling .pio\build\tasmota32s3-heltec-wmbus\libb78\jsmn-shadinger-1.0\jsmn.cpp.o
In file included from include/tasmota_options.h:23,
                 from <command-line>:
include/../tasmota/my_user_config.h:585:9: warning: 'USE_MULTICAL21' redefined
  585 | #define USE_MULTICAL21                           // Add support for Kamstrup Multical21 / FlowIQ wM-Bus (C1) water meter via CC1101 on hardware SPI (+5k code)
      |         ^~~~~~~~~~~~~~
<command-line>: note: this is the location of the previous definition
In file included from include/tasmota_options.h:23,
                 from <command-line>:
include/../tasmota/my_user_config.h:585:9: warning: 'USE_MULTICAL21' redefined
  585 | #define USE_MULTICAL21                           // Add support for Kamstrup Multical21 / FlowIQ wM-Bus (C1) water meter via CC1101 on hardware SPI (+5k code)
      |         ^~~~~~~~~~~~~~
<command-line>: note: this is the location of the previous definition
In file included from include/tasmota_options.h:23,
                 from <command-line>:
include/../tasmota/my_user_config.h:585:9: warning: 'USE_MULTICAL21' redefined
  585 | #define USE_MULTICAL21                           // Add support for Kamstrup Multical21 / FlowIQ wM-Bus (C1) water meter via CC1101 on hardware SPI (+5k code)
      |         ^~~~~~~~~~~~~~
<command-line>: note: this is the location of the previous definition
Compiling .pio\build\tasmota32s3-heltec-wmbus\libad3\KeeloqLib\KeeloqLib.cpp.o
Compiling .pio\build\tasmota32s3-heltec-wmbus\lib7d0\mp3_shine_esp32\bitstream.cpp.o
Compiling .pio\build\tasmota32s3-heltec-wmbus\lib7d0\mp3_shine_esp32\huffman.cpp.o
Compiling .pio\build\tasmota32s3-heltec-wmbus\lib7d0\mp3_shine_esp32\l3bitstream.cpp.o
Compiling .pio\build\tasmota32s3-heltec-wmbus\lib7d0\mp3_shine_esp32\l3loop.cpp.o
In file included from include/tasmota_options.h:23,
                 from <command-line>:
include/../tasmota/my_user_config.h:585:9: warning: 'USE_MULTICAL21' redefined
  585 | #define USE_MULTICAL21                           // Add support for Kamstrup Multical21 / FlowIQ wM-Bus (C1) water meter via CC1101 on hardware SPI (+5k code)
      |         ^~~~~~~~~~~~~~
<command-line>: note: this is the location of the previous definition
Compiling .pio\build\tasmota32s3-heltec-wmbus\lib7d0\mp3_shine_esp32\l3mdct.cpp.o
Compiling .pio\build\tasmota32s3-heltec-wmbus\lib7d0\mp3_shine_esp32\l3subband.cpp.o
Compiling .pio\build\tasmota32s3-heltec-wmbus\lib7d0\mp3_shine_esp32\layer3.cpp.o
Compiling .pio\build\tasmota32s3-heltec-wmbus\lib7d0\mp3_shine_esp32\reservoir.cpp.o
Compiling .pio\build\tasmota32s3-heltec-wmbus\lib7d0\mp3_shine_esp32\tables.cpp.o
Compiling .pio\build\tasmota32s3-heltec-wmbus\lib028\LedControl\LedControl.cpp.o
Compiling .pio\build\tasmota32s3-heltec-wmbus\lib028\LedControl\LedMatrix.cpp.o
Compiling .pio\build\tasmota32s3-heltec-wmbus\lib2f6\LiquidCrystal_I2C-1.1.3\LiquidCrystal_I2C.cpp.o
Compiling .pio\build\tasmota32s3-heltec-wmbus\lib698\LOLIN_HP303B\LOLIN_HP303B.cpp.o
Compiling .pio\build\tasmota32s3-heltec-wmbus\libc79\LoRa\LoRa.cpp.o
Archiving .pio\build\tasmota32s3-heltec-wmbus\lib7d0\libmp3_shine_esp32.a
Compiling .pio\build\tasmota32s3-heltec-wmbus\lib456\rfid-1.4.7\MFRC522.cpp.o
Compiling .pio\build\tasmota32s3-heltec-wmbus\lib456\rfid-1.4.7\MFRC522Extended.cpp.o
Compiling .pio\build\tasmota32s3-heltec-wmbus\libf6e\mlx90640\MLX90640_API.cpp.o
Compiling .pio\build\tasmota32s3-heltec-wmbus\libde7\MPU_accel\MPU_accel.cpp.o
Compiling .pio\build\tasmota32s3-heltec-wmbus\libb9c\BlueRobotics_MS5837\MS5837.cpp.o
Compiling .pio\build\tasmota32s3-heltec-wmbus\libbae\NewPing-1.9.1\NewPing.cpp.o
Compiling .pio\build\tasmota32s3-heltec-wmbus\libae4\TasmotaOneWire-2.3.3\OneWire.cpp.o
Compiling .pio\build\tasmota32s3-heltec-wmbus\libd3a\pubsubclient-2.8.13\PubSubClient.cpp.o
Compiling .pio\build\tasmota32s3-heltec-wmbus\lib676\QuickESPNow\QuickEspNow_esp32.cpp.o
Archiving .pio\build\tasmota32s3-heltec-wmbus\libb78\libjsmn-shadinger-1.0.a
Archiving .pio\build\tasmota32s3-heltec-wmbus\libad3\libKeeloqLib.a
Archiving .pio\build\tasmota32s3-heltec-wmbus\lib702\libIRremoteESP8266.a
Compiling .pio\build\tasmota32s3-heltec-wmbus\lib676\QuickESPNow\QuickEspNow_esp8266.cpp.o
Compiling .pio\build\tasmota32s3-heltec-wmbus\libe3d\rc-switch\RCSwitch.cpp.o
Compiling .pio\build\tasmota32s3-heltec-wmbus\lib968\RF24\RF24.cpp.o
In file included from lib/lib_display/LedControl/src/LedMatrix.cpp:31:
D:/smarthome/MultiCal21_Tasmota_fork/tasmota/my_user_config.h:585:9: warning: 'USE_MULTICAL21' redefined
  585 | #define USE_MULTICAL21                           // Add support for Kamstrup Multical21 / FlowIQ wM-Bus (C1) water meter via CC1101 on hardware SPI (+5k code)
      |         ^~~~~~~~~~~~~~
<command-line>: note: this is the location of the previous definition
Compiling .pio\build\tasmota32s3-heltec-wmbus\lib0f7\SD_MMC\SD_MMC.cpp.o
Compiling .pio\build\tasmota32s3-heltec-wmbus\lib71e\Sensirion_I2C_SEN5X\SensirionI2CSen5x.cpp.o
Compiling .pio\build\tasmota32s3-heltec-wmbus\lib55e\Sensirion_I2C_SEN6X_Tasmota\SensirionI2cSen6x.cpp.o
Archiving .pio\build\tasmota32s3-heltec-wmbus\lib028\libLedControl.a
Archiving .pio\build\tasmota32s3-heltec-wmbus\lib2f6\libLiquidCrystal_I2C-1.1.3.a
Compiling .pio\build\tasmota32s3-heltec-wmbus\lib05a\Sensirion_i2c_stcc4\SensirionI2cStcc4.cpp.o
Compiling .pio\build\tasmota32s3-heltec-wmbus\libeb9\TasmotaDali\TasmotaDali.cpp.o
Archiving .pio\build\tasmota32s3-heltec-wmbus\libf6e\libmlx90640.a
Compiling .pio\build\tasmota32s3-heltec-wmbus\libda3\TasmotaModbus-3.6.0\TasmotaModbus.cpp.o
Archiving .pio\build\tasmota32s3-heltec-wmbus\lib698\libLOLIN_HP303B.a
Archiving .pio\build\tasmota32s3-heltec-wmbus\libc79\libLoRa.a
Compiling .pio\build\tasmota32s3-heltec-wmbus\lib875\Ticker\Ticker.cpp.o
Compiling .pio\build\tasmota32s3-heltec-wmbus\lib17b\TM1638plus\TM1638plus.cpp.o
Archiving .pio\build\tasmota32s3-heltec-wmbus\lib456\librfid-1.4.7.a
Compiling .pio\build\tasmota32s3-heltec-wmbus\lib17b\TM1638plus\TM1638plus_common.cpp.o
Compiling .pio\build\tasmota32s3-heltec-wmbus\lib9ac\Joba_Tsl2561-2.0.10\Tsl2561.cpp.o
Compiling .pio\build\tasmota32s3-heltec-wmbus\lib9ac\Joba_Tsl2561-2.0.10\Tsl2561Util.cpp.o
Compiling .pio\build\tasmota32s3-heltec-wmbus\lib083\UDisplay\uDisplay.cpp.o
Archiving .pio\build\tasmota32s3-heltec-wmbus\libde7\libMPU_accel.a
Compiling .pio\build\tasmota32s3-heltec-wmbus\lib083\UDisplay\uDisplay_DSI_panel.cpp.o
Archiving .pio\build\tasmota32s3-heltec-wmbus\libb9c\libBlueRobotics_MS5837.a
Archiving .pio\build\tasmota32s3-heltec-wmbus\libbae\libNewPing-1.9.1.a
Compiling .pio\build\tasmota32s3-heltec-wmbus\lib083\UDisplay\uDisplay_EPD_panel.cpp.o
Compiling .pio\build\tasmota32s3-heltec-wmbus\lib083\UDisplay\uDisplay_I2C_panel.cpp.o
Compiling .pio\build\tasmota32s3-heltec-wmbus\lib083\UDisplay\uDisplay_I80_panel.cpp.o
Archiving .pio\build\tasmota32s3-heltec-wmbus\libae4\libTasmotaOneWire-2.3.3.a
Compiling .pio\build\tasmota32s3-heltec-wmbus\lib083\UDisplay\uDisplay_RGB_panel.cpp.o
Compiling .pio\build\tasmota32s3-heltec-wmbus\lib083\UDisplay\uDisplay_SPI_controller.cpp.o
Archiving .pio\build\tasmota32s3-heltec-wmbus\libd3a\libpubsubclient-2.8.13.a
Compiling .pio\build\tasmota32s3-heltec-wmbus\lib083\UDisplay\uDisplay_SPI_panel.cpp.o
Archiving .pio\build\tasmota32s3-heltec-wmbus\libe3d\librc-switch.a
Compiling .pio\build\tasmota32s3-heltec-wmbus\lib083\UDisplay\uDisplay_colors.cpp.o
Archiving .pio\build\tasmota32s3-heltec-wmbus\lib676\libQuickESPNow.a
Compiling .pio\build\tasmota32s3-heltec-wmbus\lib083\UDisplay\uDisplay_control.cpp.o
Compiling .pio\build\tasmota32s3-heltec-wmbus\lib083\UDisplay\uDisplay_graphics.cpp.o
Archiving .pio\build\tasmota32s3-heltec-wmbus\lib968\libRF24.a
Archiving .pio\build\tasmota32s3-heltec-wmbus\lib875\libTicker.a
Compiling .pio\build\tasmota32s3-heltec-wmbus\lib083\UDisplay\uDisplay_timing.cpp.o
Compiling .pio\build\tasmota32s3-heltec-wmbus\lib083\UDisplay\uDisplay_touch.cpp.o
Archiving .pio\build\tasmota32s3-heltec-wmbus\lib55e\libSensirion_I2C_SEN6X_Tasmota.a
Archiving .pio\build\tasmota32s3-heltec-wmbus\lib05a\libSensirion_i2c_stcc4.a
Compiling .pio\build\tasmota32s3-heltec-wmbus\lib083\UDisplay\uDisplay_utils.cpp.o
Archiving .pio\build\tasmota32s3-heltec-wmbus\lib71e\libSensirion_I2C_SEN5X.a
Compiling .pio\build\tasmota32s3-heltec-wmbus\FrameworkArduino\ColorFormat.c.o
Compiling .pio\build\tasmota32s3-heltec-wmbus\FrameworkArduino\Esp.cpp.o
Archiving .pio\build\tasmota32s3-heltec-wmbus\libda3\libTasmotaModbus-3.6.0.a
Compiling .pio\build\tasmota32s3-heltec-wmbus\FrameworkArduino\FirmwareMSC.cpp.o
In file included from include/tasmota_options.h:23,
                 from lib/lib_display/Display_Renderer-gemu-1.0/src/renderer.h:7,
                 from lib/lib_display/UDisplay/include/uDisplay.h:5,
                 from lib/lib_display/UDisplay/src/uDisplay.cpp:21:
include/../tasmota/my_user_config.h:585:9: warning: 'USE_MULTICAL21' redefined
  585 | #define USE_MULTICAL21                           // Add support for Kamstrup Multical21 / FlowIQ wM-Bus (C1) water meter via CC1101 on hardware SPI (+5k code)
      |         ^~~~~~~~~~~~~~
<command-line>: note: this is the location of the previous definition
Compiling .pio\build\tasmota32s3-heltec-wmbus\FrameworkArduino\FunctionalInterrupt.cpp.o
Compiling .pio\build\tasmota32s3-heltec-wmbus\FrameworkArduino\HEXBuilder.cpp.o
Archiving .pio\build\tasmota32s3-heltec-wmbus\lib0f7\libSD_MMC.a
Compiling .pio\build\tasmota32s3-heltec-wmbus\FrameworkArduino\HWCDC.cpp.o
Archiving .pio\build\tasmota32s3-heltec-wmbus\libeb9\libTasmotaDali.a
Compiling .pio\build\tasmota32s3-heltec-wmbus\FrameworkArduino\HardwareSerial.cpp.o
Compiling .pio\build\tasmota32s3-heltec-wmbus\FrameworkArduino\HashBuilder.cpp.o
Compiling .pio\build\tasmota32s3-heltec-wmbus\FrameworkArduino\IPAddress.cpp.o
Compiling .pio\build\tasmota32s3-heltec-wmbus\FrameworkArduino\MD5Builder.cpp.o
Compiling .pio\build\tasmota32s3-heltec-wmbus\FrameworkArduino\MacAddress.cpp.o
Archiving .pio\build\tasmota32s3-heltec-wmbus\lib17b\libTM1638plus.a
Compiling .pio\build\tasmota32s3-heltec-wmbus\FrameworkArduino\Print.cpp.o
Compiling .pio\build\tasmota32s3-heltec-wmbus\FrameworkArduino\Stream.cpp.o
Archiving .pio\build\tasmota32s3-heltec-wmbus\lib9ac\libJoba_Tsl2561-2.0.10.a
Compiling .pio\build\tasmota32s3-heltec-wmbus\FrameworkArduino\StreamString.cpp.o
Compiling .pio\build\tasmota32s3-heltec-wmbus\FrameworkArduino\StringUtils.cpp.o
Compiling .pio\build\tasmota32s3-heltec-wmbus\FrameworkArduino\Tone.cpp.o
In file included from include/tasmota_options.h:23,
                 from lib/lib_display/Display_Renderer-gemu-1.0/src/renderer.h:7,
                 from lib/lib_display/UDisplay/include/uDisplay.h:5,
                 from lib/lib_display/UDisplay/src/uDisplay_colors.cpp:1:
include/../tasmota/my_user_config.h:585:9: warning: 'USE_MULTICAL21' redefined
  585 | #define USE_MULTICAL21                           // Add support for Kamstrup Multical21 / FlowIQ wM-Bus (C1) water meter via CC1101 on hardware SPI (+5k code)
      |         ^~~~~~~~~~~~~~
<command-line>: note: this is the location of the previous definition
In file included from include/tasmota_options.h:23,
                 from lib/lib_display/Display_Renderer-gemu-1.0/src/renderer.h:7,
                 from lib/lib_display/UDisplay/include/uDisplay.h:5,
                 from lib/lib_display/UDisplay/src/uDisplay_control.cpp:1:
include/../tasmota/my_user_config.h:585:9: warning: 'USE_MULTICAL21' redefined
  585 | #define USE_MULTICAL21                           // Add support for Kamstrup Multical21 / FlowIQ wM-Bus (C1) water meter via CC1101 on hardware SPI (+5k code)
      |         ^~~~~~~~~~~~~~
<command-line>: note: this is the location of the previous definition
In file included from include/tasmota_options.h:23,
                 from lib/lib_display/Display_Renderer-gemu-1.0/src/renderer.h:7,
                 from lib/lib_display/UDisplay/include/uDisplay.h:5,
                 from lib/lib_display/UDisplay/src/uDisplay_graphics.cpp:1:
include/../tasmota/my_user_config.h:585:9: warning: 'USE_MULTICAL21' redefined
  585 | #define USE_MULTICAL21                           // Add support for Kamstrup Multical21 / FlowIQ wM-Bus (C1) water meter via CC1101 on hardware SPI (+5k code)
      |         ^~~~~~~~~~~~~~
<command-line>: note: this is the location of the previous definition
In file included from include/tasmota_options.h:23,
                 from lib/lib_display/Display_Renderer-gemu-1.0/src/renderer.h:7,
                 from lib/lib_display/UDisplay/include/uDisplay.h:5,
                 from lib/lib_display/UDisplay/src/uDisplay_utils.cpp:1:
include/../tasmota/my_user_config.h:585:9: warning: 'USE_MULTICAL21' redefined
  585 | #define USE_MULTICAL21                           // Add support for Kamstrup Multical21 / FlowIQ wM-Bus (C1) water meter via CC1101 on hardware SPI (+5k code)
      |         ^~~~~~~~~~~~~~
<command-line>: note: this is the location of the previous definition
In file included from include/tasmota_options.h:23,
                 from lib/lib_display/Display_Renderer-gemu-1.0/src/renderer.h:7,
                 from lib/lib_display/UDisplay/include/uDisplay.h:5,
                 from lib/lib_display/UDisplay/src/uDisplay_timing.cpp:1:
include/../tasmota/my_user_config.h:585:9: warning: 'USE_MULTICAL21' redefined
  585 | #define USE_MULTICAL21                           // Add support for Kamstrup Multical21 / FlowIQ wM-Bus (C1) water meter via CC1101 on hardware SPI (+5k code)
      |         ^~~~~~~~~~~~~~
<command-line>: note: this is the location of the previous definition
In file included from include/tasmota_options.h:23,
                 from lib/lib_display/Display_Renderer-gemu-1.0/src/renderer.h:7,
                 from lib/lib_display/UDisplay/include/uDisplay.h:5,
                 from lib/lib_display/UDisplay/src/uDisplay_touch.cpp:1:
include/../tasmota/my_user_config.h:585:9: warning: 'USE_MULTICAL21' redefined
  585 | #define USE_MULTICAL21                           // Add support for Kamstrup Multical21 / FlowIQ wM-Bus (C1) water meter via CC1101 on hardware SPI (+5k code)
      |         ^~~~~~~~~~~~~~
<command-line>: note: this is the location of the previous definition
Compiling .pio\build\tasmota32s3-heltec-wmbus\FrameworkArduino\USB.cpp.o
Compiling .pio\build\tasmota32s3-heltec-wmbus\FrameworkArduino\USBCDC.cpp.o
Compiling .pio\build\tasmota32s3-heltec-wmbus\FrameworkArduino\USBMSC.cpp.o
Compiling .pio\build\tasmota32s3-heltec-wmbus\FrameworkArduino\WMath.cpp.o
Compiling .pio\build\tasmota32s3-heltec-wmbus\FrameworkArduino\WString.cpp.o
Compiling .pio\build\tasmota32s3-heltec-wmbus\FrameworkArduino\base64.cpp.o
Compiling .pio\build\tasmota32s3-heltec-wmbus\FrameworkArduino\cbuf.cpp.o
Compiling .pio\build\tasmota32s3-heltec-wmbus\FrameworkArduino\esp32-hal-adc.c.o
Compiling .pio\build\tasmota32s3-heltec-wmbus\FrameworkArduino\esp32-hal-bt.c.o
Compiling .pio\build\tasmota32s3-heltec-wmbus\FrameworkArduino\esp32-hal-cpu.c.o
Compiling .pio\build\tasmota32s3-heltec-wmbus\FrameworkArduino\esp32-hal-dac.c.o
Compiling .pio\build\tasmota32s3-heltec-wmbus\FrameworkArduino\esp32-hal-gpio.c.o
Compiling .pio\build\tasmota32s3-heltec-wmbus\FrameworkArduino\esp32-hal-hosted.c.o
Compiling .pio\build\tasmota32s3-heltec-wmbus\FrameworkArduino\esp32-hal-i2c-ng.c.o
Compiling .pio\build\tasmota32s3-heltec-wmbus\FrameworkArduino\esp32-hal-i2c-slave.c.o
Archiving .pio\build\tasmota32s3-heltec-wmbus\lib083\libUDisplay.a
Compiling .pio\build\tasmota32s3-heltec-wmbus\FrameworkArduino\esp32-hal-i2c.c.o
Compiling .pio\build\tasmota32s3-heltec-wmbus\FrameworkArduino\esp32-hal-ledc.c.o
Compiling .pio\build\tasmota32s3-heltec-wmbus\FrameworkArduino\esp32-hal-log-wrapper.c.o
Compiling .pio\build\tasmota32s3-heltec-wmbus\FrameworkArduino\esp32-hal-matrix.c.o
Compiling .pio\build\tasmota32s3-heltec-wmbus\FrameworkArduino\esp32-hal-misc.c.o
Compiling .pio\build\tasmota32s3-heltec-wmbus\FrameworkArduino\esp32-hal-periman.c.o
Compiling .pio\build\tasmota32s3-heltec-wmbus\FrameworkArduino\esp32-hal-psram.c.o
Compiling .pio\build\tasmota32s3-heltec-wmbus\FrameworkArduino\esp32-hal-rgb-led.c.o
Compiling .pio\build\tasmota32s3-heltec-wmbus\FrameworkArduino\esp32-hal-rmt.c.o
Compiling .pio\build\tasmota32s3-heltec-wmbus\FrameworkArduino\esp32-hal-sigmadelta.c.o
Compiling .pio\build\tasmota32s3-heltec-wmbus\FrameworkArduino\esp32-hal-spi.c.o
Compiling .pio\build\tasmota32s3-heltec-wmbus\FrameworkArduino\esp32-hal-time.c.o
Compiling .pio\build\tasmota32s3-heltec-wmbus\FrameworkArduino\esp32-hal-timer.c.o
Compiling .pio\build\tasmota32s3-heltec-wmbus\FrameworkArduino\esp32-hal-tinyusb.c.o
Compiling .pio\build\tasmota32s3-heltec-wmbus\FrameworkArduino\esp32-hal-touch-ng.c.o
Compiling .pio\build\tasmota32s3-heltec-wmbus\FrameworkArduino\esp32-hal-touch.c.o
Compiling .pio\build\tasmota32s3-heltec-wmbus\FrameworkArduino\esp32-hal-uart.c.o
Compiling .pio\build\tasmota32s3-heltec-wmbus\FrameworkArduino\firmware_msc_fat.c.o
Compiling .pio\build\tasmota32s3-heltec-wmbus\FrameworkArduino\freertos_stats.cpp.o
Compiling .pio\build\tasmota32s3-heltec-wmbus\FrameworkArduino\idf_openthread_mpool_wrapper.c.o
Compiling .pio\build\tasmota32s3-heltec-wmbus\FrameworkArduino\libb64\cdecode.c.o
Compiling .pio\build\tasmota32s3-heltec-wmbus\FrameworkArduino\libb64\cencode.c.o
Compiling .pio\build\tasmota32s3-heltec-wmbus\FrameworkArduino\main.cpp.o
Compiling .pio\build\tasmota32s3-heltec-wmbus\FrameworkArduino\stdlib_noniso.c.o
Compiling .pio\build\tasmota32s3-heltec-wmbus\FrameworkArduino\wiring_pulse.c.o
Compiling .pio\build\tasmota32s3-heltec-wmbus\FrameworkArduino\wiring_shift.c.o
Archiving .pio\build\tasmota32s3-heltec-wmbus\libFrameworkArduino.a
Linking .pio\build\tasmota32s3-heltec-wmbus\firmware.elf
lto-wrapper.exe: warning: using serial compilation of 27 LTRANS jobs
lto-wrapper.exe: note: see the '-flto' option documentation for more information
Firmware metrics can not be shown. Set the terminal codepage to "utf-8" or "cp65001" on Windows.
Retrieving maximum program size .pio\build\tasmota32s3-heltec-wmbus\firmware.elf
Checking size .pio\build\tasmota32s3-heltec-wmbus\firmware.elf
Advanced Memory Usage is available via "PlatformIO Home > Project Inspect"
RAM:   [==        ]  21.6% (used 70756 bytes from 327680 bytes)
Flash: [=======   ]  70.2% (used 2070335 bytes from 2949120 bytes)
Building .pio\build\tasmota32s3-heltec-wmbus\firmware.bin
esptool v5.2.0
Creating ESP32-S3 image...
Merged 4 ELF sections.
Successfully created ESP32-S3 image.

Read partitions from  partitions/esp32_partition_app2880k_fs320k.csv
--------------------------------------------------------------------
# Name,     Type,   SubType,   Offset,    Size,   Flags
nvs         data    nvs        0x9000     0x5000
otadata     data    ota        0xe000     0x2000
safeboot    app     factory    0x10000    0xD0000
app0        app     ota_0      0xE0000    0x2D0000
spiffs      data    spiffs     0x3B0000   0x50000

Safeboot binary already in place

    Offset   | File
 -  0x0000   | D:\smarthome\MultiCal21_Tasmota_fork\.pio\build\tasmota32s3-heltec-wmbus\bootloader.bin
 -  0x8000   | D:\smarthome\MultiCal21_Tasmota_fork\.pio\build\tasmota32s3-heltec-wmbus\partitions.bin
 -  0xe000   | C:\Users\j4320\.platformio\packages\framework-arduinoespressif32\tools\partitions\boot_app0.bin
 -  0x10000  | D:\smarthome\MultiCal21_Tasmota_fork\variants\tasmota\tasmota32s3-safeboot.bin
 -  0xe0000  | D:\smarthome\MultiCal21_Tasmota_fork\.pio\build\tasmota32s3-heltec-wmbus\firmware.bin

======================== [SUCCESS] Took 329.03 seconds ========================

Environment               Status    Duration
------------------------  --------  ------------
tasmota32s3-heltec-wmbus  SUCCESS   00:05:29.030
========================= 1 succeeded in 00:05:29.030 =========================
